artist,genres...
Mariah Carey,dance pop,pop,urban contemporary
Brenda Lee,adult standards,easy listening,lounge,rockabilly
Bobby Helms,
Burl Ives,adult standards,american folk revival
Adele,british soul,pop,pop soul,uk pop
Andy Williams,adult standards,easy listening
Wham!,new romantic,new wave,new wave pop,soft rock
Jose Feliciano,latin pop,puerto rican pop
The Kid LAROI & Justin Bieber,australian hip hop
The Ronettes,brill building pop,classic girl group,motown,rock-and-roll
Nat King Cole,adult standards,easy listening,lounge,soul,swing,vocal jazz
Dean Martin,adult standards,easy listening,lounge,vocal jazz
Kelly Clarkson,dance pop,pop,talent show
Lil Durk Featuring Morgan Wallen,chicago drill,chicago rap,drill,hip hop,pop rap,rap,trap
Glass Animals,gauze pop,indietronica,modern rock,pov: indie,shiver pop
Darlene Love,
Perry Como And The Fontane Sisters With Mitchell Ayres And His Orchestra,adult standards,easy listening
Ariana Grande,pop
Gene Autry,classic oklahoma country,cowboy western,traditional country,yodeling
Bing Crosby,adult standards,easy listening,lounge,swing
Lil Nas X & Jack Harlow,lgbtq+ hip hop
Ed Sheeran,pop,singer-songwriter pop,uk pop
Doja Cat,dance pop,pop
Chuck Berry,blues,blues rock,classic rock,rock,rock-and-roll,rockabilly,soul
Kodak Black,florida drill,florida rap,melodic rap,miami hip hop,rap,trap,trap latino
GAYLE,alt z,modern alternative pop
Perry Como,adult standards,easy listening
Elton John & Dua Lipa,
Michael Buble,adult standards,canadian pop,jazz pop,lounge
Silk Sonic (Bruno Mars & Anderson .Paak),dance pop,pop
Frank Sinatra,adult standards,easy listening,lounge
Thurl Ravenscroft,movie tunes
Eartha Kitt With Henri Rene And His Orchestra,torch song,vocal jazz
Paul McCartney,classic rock,mellow gold,rock,soft rock
Vince Guaraldi Trio,jazz trio
Olivia Rodrigo,pop
Justin Bieber,canadian pop,pop
Eagles,album rock,classic rock,heartland rock,mellow gold,rock,soft rock,yacht rock
Jackson 5,motown,soul
SZA,pop,r&b,rap
The Beach Boys,baroque pop,classic rock,folk rock,mellow gold,psychedelic rock,rock,singer-songwriter,sunshine pop
Walker Hayes,contemporary country,country,country road,modern country rock
Lil Nas X,lgbtq+ hip hop
Post Malone & The Weeknd,dfw rap,melodic rap,pop,rap
Billie Eilish,art pop,pop
CKay,afro r&b,afrobeats
Drake Featuring 21 Savage & Project Pat,canadian hip hop,canadian pop,hip hop,pop rap,rap
Dustin Lynch Featuring Lauren Alaina Or MacKenzie Porter,contemporary country,country,country road,modern country rock
Ed Sheeran & Elton John,pop,singer-songwriter pop,uk pop
NEIKED X Mae Muller X Polo G,scandipop
Drake Featuring Future & Young Thug,canadian hip hop,canadian pop,hip hop,pop rap,rap
Jordan Davis Featuring Luke Bryan,contemporary country
THE ANXIETY: WILLOW & Tyler Cole,modern alternative pop
Chris Stapleton,contemporary country,outlaw country
Taylor Swift,pop
Dan + Shay,contemporary country,country,country road
Michael Ray,contemporary country,country road,modern country rock
Drake Featuring Lil Baby,canadian hip hop,canadian pop,hip hop,pop rap,rap
Morgan Wallen,contemporary country
"Nardo Wick Featuring G Herbo, Lil Durk & 21 Savage",florida drill,florida rap,southern hip hop
Latto,trap queen
Imagine Dragons X JID,modern rock,pop,rock
Camila Cabello,dance pop,pop
Blxst & Tyga Featuring Ty Dolla $ign,pop rap,westcoast flow
Kane Brown,black americana,contemporary country,country,country road
Juice WRLD,chicago rap,melodic rap,rap
Chloe,contemporary r&b
Roddy Ricch,melodic rap,rap,trap
Rod Wave,florida rap
Giveon,r&b
Oliver Tree,alternative hip hop
Cody Johnson,classic texas country,contemporary country,modern country pop
Parker McCollum,classic texas country,contemporary country,modern country pop,texas country
Coldplay x BTS,permanent wave,pop
Roddy Ricch Featuring Lil Baby,melodic rap,rap,trap
Jimmie Allen & Brad Paisley,black americana,contemporary country,country road,modern country rock
Juice WRLD & Justin Bieber,chicago rap,melodic rap,rap
Jon Pardi,contemporary country,country,country road,modern country rock
Moneybagg Yo,memphis hip hop,rap,southern hip hop,tennessee hip hop,trap
Roddy Ricch Featuring Kodak Black & 21 Savage,melodic rap,rap,trap
Eric Church,contemporary country,country,country road
Zac Brown Band,contemporary country,country,country road,modern country rock
Young Thug With Drake & Travis Scott,atl hip hop,atl trap,gangster rap,hip hop,melodic rap,rap,trap
Acraze Featuring Cherish,pop dance,tech house
Summer Walker & SZA,r&b,rap
Kenny Chesney,contemporary country,country,country road
Baby Keem & Kendrick Lamar,hip hop,rap
Wizkid Featuring Justin Bieber & Tems,afrobeats,afropop,azonto,nigerian hip hop,nigerian pop
Doja Cat Featuring SZA,dance pop,pop
Doja Cat & The Weeknd,dance pop,pop
"Carolina Gaitan, Mauro Castillo, Adassa, Rhenzy Feliz, Diane Guerrero, Stephanie Beatriz & Encanto Cast",
Jessica Darrow,movie tunes
V,j-division,korean ost
Muni Long,
Luke Combs,contemporary country,country
Kelsea Ballerini Featuring Kenny Chesney,contemporary country,country
Wale Featuring J. Cole,pop rap,r&b,rap,southern hip hop,trap
Emmy Meli,alt z
Ari Lennox,alternative r&b
"Dierks Bentley, Breland & HARDY",contemporary country,country,country road
Sam Hunt,contemporary country,country,country pop,modern country rock
Dua Lipa,dance pop,pop,uk pop
The Weeknd & Ariana Grande,canadian contemporary r&b,canadian pop,pop
Jason Aldean & Carrie Underwood,contemporary country,country,country road,modern country rock
Maneskin,indie rock italiano,italian pop
Farruko,reggaeton,trap latino,urbano latino
Ryan Hurd With Maren Morris,contemporary country,country pop,country road,modern country rock
"Stephanie Beatriz, Olga Merediz & Encanto Cast",hollywood,movie tunes
Diane Guerrero & Stephanie Beatriz,movie tunes
ERNEST Featuring Morgan Wallen,modern country pop
Lauren Spencer-Smith,alt z,gen z singer-songwriter,singer-songwriter pop
Stephanie Beatriz,hollywood,movie tunes
Sebastian Yatra,colombian pop,latin pop,reggaeton,reggaeton colombiano,urbano latino
Gunna & Future,atl hip hop,melodic rap,rap,trap
Drake Featuring Travis Scott,canadian hip hop,canadian pop,hip hop,pop rap,rap
Aventura x Bad Bunny,bachata,bachata dominicana,latin hip hop,latin pop,tropical,urbano latino
H.E.R. Featuring Chris Brown,r&b,rap
Russell Dickerson,contemporary country,country,country road,modern country rock
Blake Shelton,classic oklahoma country,contemporary country,country,country road
YoungBoy Never Broke Again & Birdman,baton rouge rap,rap
"Yung Bleu, Chris Brown & 2 Chainz",alabama rap,trap
Swedish House Mafia & The Weeknd,edm,pop dance,progressive electro house
"Nardo Wick, Lil Baby & Future",florida drill,florida rap,southern hip hop
The Walters,chicago indie,pov: indie
Polo G,chicago rap,rap
Carly Pearce & Ashley McBryde,contemporary country,country,country road
Priscilla Block,contemporary country,modern country pop
Gunna & Future Featuring Young Thug,atl hip hop,melodic rap,rap,trap
The Weeknd,canadian contemporary r&b,canadian pop,pop
Gunna & 21 Savage,atl hip hop,melodic rap,rap,trap
Gunna Featuring Lil Baby,atl hip hop,melodic rap,rap,trap
Gunna,atl hip hop,melodic rap,rap,trap
Gunna Featuring Young Thug,atl hip hop,melodic rap,rap,trap
Gunna Featuring Kodak Black,atl hip hop,melodic rap,rap,trap
"The Weeknd Featuring Tyler, The Creator",canadian contemporary r&b,canadian pop,pop
Gunna Featuring G Herbo,atl hip hop,melodic rap,rap,trap
The Weeknd Featuring Lil Wayne,canadian contemporary r&b,canadian pop,pop
Maren Morris,classic texas country,contemporary country
Gunna & Chloe,atl hip hop,melodic rap,rap,trap
Gunna & Chris Brown Featuring Yung Bleu,atl hip hop,melodic rap,rap,trap
Gunna Featuring Drake,atl hip hop,melodic rap,rap,trap
The Game & Kanye West,detroit hip hop,gangster rap,hip hop,pop rap,rap,southern hip hop,trap
YoungBoy Never Broke Again,baton rouge rap,rap
Chris Brown,r&b,rap
Cole Swindell / Lainey Wilson,contemporary country,country,country road,modern country rock
Jason Aldean,contemporary country,country,country road,modern country rock
JID Featuring 21 Savage & Baby Tate,hip hop,pop rap,rap,underground hip hop
"Stephanie Beatriz, Olga Merediz, John Leguizamo, Adassa, Maluma & Encanto Cast",hollywood,movie tunes
Charlie Puth,pop,viral pop
Internet Money Featuring YoungBoy Never Broke Again,pop rap,trap
Key Glock,memphis hip hop,rap,southern hip hop,tennessee hip hop,trap
Yung Bleu & Kehlani,alabama rap,trap
Gucci Mane Featuring Lil Durk,atl hip hop,dirty south rap,hip hop,pop rap,rap,southern hip hop,trap
The Chainsmokers,pop
Benny The Butcher & J. Cole,alternative hip hop,boom bap,buffalo hip hop,hip hop,upstate ny rap
Fireboy DML & Ed Sheeran,afrobeats,nigerian pop
Miranda Lambert,contemporary country,country,country dawn,country road
NLE Choppa,memphis hip hop,rap
XXXTENTACION,emo rap,miami hip hop,rap
Em Beihold,alt z,gen z singer-songwriter
Jaymes Young,indie poptimism
Tiesto & Ava Max,big room,brostep,dutch edm,edm,house,pop dance,progressive electro house,slap house,trance
Megan Thee Stallion,houston rap,pop,rap,trap queen
Carlos Vives,colombian pop,latin pop,vallenato
Nicki Minaj X Lil Baby,hip pop,pop,queens hip hop,rap
King Von & 21 Savage,chicago rap,rap
Tate McRae,pop
YG Featuring J. Cole & Moneybagg Yo,cali rap,hip hop,pop rap,rap,southern hip hop,trap
Machine Gun Kelly & WILLOW,ohio hip hop,pop rap
Red Hot Chili Peppers,alternative rock,funk metal,funk rock,permanent wave,rock
$NOT & A$AP Rocky,cloud rap,florida rap,underground hip hop
Queen Naija & Big Sean,pop r&b,r&b
Alesso / Katy Perry,dance pop,edm,pop,pop dance,progressive electro house
Becky G X Karol G,latin pop,latin viral pop,rap latina,reggaeton,trap latino,urbano latino
Ed Sheeran Featuring Taylor Swift,pop,singer-songwriter pop,uk pop
Dr. Dre Featuring Snoop Dogg,g funk,gangster rap,hip hop,rap,west coast rap
Future,atl hip hop,hip hop,rap,southern hip hop,trap
Eminem,detroit hip hop,hip hop,rap
"Fivio Foreign, Kanye West & Alicia Keys",brooklyn drill,new york drill,rap,trap
"Dierks Bentley, BRELAND & HARDY",contemporary country,country,country road
Dove Cameron,pop
Mary J. Blige,dance pop,hip pop,neo soul,r&b,urban contemporary
Saweetie Featuring H.E.R.,cali rap,trap queen
Jung Kook,k-pop
Jack Harlow,deep underground hip hop,hip hop,kentucky hip hop,pop rap,rap
Lil Durk,chicago drill,chicago rap,drill,hip hop,pop rap,rap,trap
Yeat,pluggnb,rage rap
Jessie Murph,modern country pop,singer-songwriter pop
HARDY,contemporary country,modern country pop
Tyga X Doja Cat,hip hop,pop rap,rap,southern hip hop,trap
Labrinth & Zendaya,indie poptimism,pop
Thomas Rhett,contemporary country,country,country road,modern country rock
JNR CHOI & Sam Tompkins,gambian hip hop
Lil Shordie Scott,viral rap
Camila Cabello Featuring Ed Sheeran,dance pop,pop
Elle King & Miranda Lambert,modern blues rock
Russ Featuring Ktlyn,hawaiian hip hop,pop rap
Gucci Mane,atl hip hop,dirty south rap,hip hop,pop rap,rap,southern hip hop,trap
King Von,chicago rap,rap
Machine Gun Kelly & Lil Wayne,ohio hip hop,pop rap
DaBaby & YoungBoy Never Broke Again,hip hop,north carolina hip hop,pop rap,rap,trap
King Von Featuring G Herbo,chicago rap,rap
King Von Featuring Fivio Foreign,chicago rap,rap
King Von & Lil Durk,chicago rap,rap
King Von Featuring Moneybagg Yo,chicago rap,rap
Megan Thee Stallion & Dua Lipa,houston rap,pop,rap,trap queen
Lil Durk Featuring Gunna,chicago drill,chicago rap,drill,hip hop,pop rap,rap,trap
Lil Durk Featuring Future,chicago drill,chicago rap,drill,hip hop,pop rap,rap,trap
Kevin Gates Featuring Juicy J,baton rouge rap,pop rap,rap,southern hip hop,trap
Nirvana,grunge,permanent wave,rock
Lil Durk Featuring Summer Walker,chicago drill,chicago rap,drill,hip hop,pop rap,rap,trap
Imagine Dragons,modern rock,pop,rock
Coi Leray & Nicki Minaj,new jersey underground rap,trap queen
4*TOWN (From Disney And Pixar's Turning Red),movie tunes
Carrie Underwood,classic oklahoma country,contemporary country,country,country dawn,dance pop,pop
AnnenMayKantereit & Giant Rooks,cologne indie,german singer-songwriter
Machine Gun Kelly & Bring Me The Horizon,ohio hip hop,pop rap
Lucky Daye,alternative r&b,r&b
Russell Dickerson & Jake Scott,contemporary country,country,country road,modern country rock
BoyWithUke X blackbear,sad rap
Yahritza y Su Esencia,sad sierreno
Nicki Minaj & Fivio Foreign,hip pop,pop,queens hip hop,rap
Machine Gun Kelly X blackbear,ohio hip hop,pop rap
Daddy Yankee & Bad Bunny,latin hip hop,reggaeton,trap latino,urbano latino
Anitta,funk pop,funk rj,pagode baiano,pop,pop nacional
J Balvin & Ed Sheeran,reggaeton,reggaeton colombiano,trap latino,urbano latino
Harry Styles,pop
Lil Tjay,brooklyn drill,melodic rap,nyc rap,rap
Shawn Mendes,canadian pop,pop,viral pop
JID & J. Cole Featuring Kenny Mason & Sheck Wes,
Scotty McCreery,contemporary country,country,country road,modern country rock
Parmalee,contemporary country,country road,modern country rock,modern uplift
5 Seconds Of Summer,boy band,pop
Gucci Mane Featuring Key Glock & Young Dolph,atl hip hop,dirty south rap,hip hop,pop rap,rap,southern hip hop,trap
Rauw Alejandro & Chencho Corleone,puerto rican pop,reggaeton,trap latino,urbano latino
Lil Baby,atl hip hop,atl trap,rap,trap
BIA Featuring J. Cole,rap latina,trap queen
Camila Cabello Featuring WILLOW,dance pop,pop
42 Dugg & EST Gee,detroit trap,southern hip hop,trap
Pusha T Featuring JAY-Z & Pharrell Williams,gangster rap,hip hop,pop rap,rap,southern hip hop,trap,virginia hip hop
BRELAND Featuring Thomas Rhett,black americana
Lizzo,escape room,minnesota hip hop,pop,trap queen
"Kay Flock, Cardi B, Dougie B & Bory300",bronx drill,melodic drill,new york drill
6ix9ine,emo rap
Bailey Zimmerman,contemporary country,modern country pop
The Kid LAROI,australian hip hop
Karol G,reggaeton,reggaeton colombiano,urbano latino
Ed Sheeran Featuring Lil Baby,pop,singer-songwriter pop,uk pop
Zach Bryan,classic oklahoma country
"Southside, Travis Scott & Future",atl hip hop,atl trap
Pusha T Featuring Lil Uzi Vert & Don Toliver,gangster rap,hip hop,pop rap,rap,southern hip hop,trap,virginia hip hop
Pusha T Featuring Kanye West & Kid Cudi,gangster rap,hip hop,pop rap,rap,southern hip hop,trap,virginia hip hop
Pusha T Featuring Kanye West,gangster rap,hip hop,pop rap,rap,southern hip hop,trap,virginia hip hop
Pusha T,gangster rap,hip hop,pop rap,rap,southern hip hop,trap,virginia hip hop
Future Featuring Drake & Tems,atl hip hop,hip hop,rap,southern hip hop,trap
Future Featuring Drake,atl hip hop,hip hop,rap,southern hip hop,trap
Future Featuring Kanye West,atl hip hop,hip hop,rap,southern hip hop,trap
Future Featuring Gunna & Young Thug,atl hip hop,hip hop,rap,southern hip hop,trap
Future Featuring EST Gee,atl hip hop,hip hop,rap,southern hip hop,trap
Future Featuring Kodak Black,atl hip hop,hip hop,rap,southern hip hop,trap
Justin Bieber & Don Toliver,canadian pop,pop
PSY Featuring SUGA,k-rap,korean old school hip hop
Benson Boone,singer-songwriter pop
Sam Smith,pop,uk pop
Bad Bunny,reggaeton,trap latino,urbano latino
Bad Bunny & Chencho Corleone,reggaeton,trap latino,urbano latino
Bad Bunny & Rauw Alejandro,reggaeton,trap latino,urbano latino
Kendrick Lamar,conscious hip hop,hip hop,rap,west coast rap
Bad Bunny & Jhay Cortez,reggaeton,trap latino,urbano latino
Jack Harlow Featuring Drake,deep underground hip hop,hip hop,kentucky hip hop,pop rap,rap
Bad Bunny & Bomba Estereo,reggaeton,trap latino,urbano latino
Bad Bunny & Tony Dize,reggaeton,trap latino,urbano latino
Bad Bunny & The Marias,reggaeton,trap latino,urbano latino
Bad Bunny & Buscabulla,reggaeton,trap latino,urbano latino
Lady Gaga,art pop,dance pop,pop
Nate Smith,contemporary country,modern country pop
Jack Harlow Featuring Lil Wayne,deep underground hip hop,hip hop,kentucky hip hop,pop rap,rap
"Kendrick Lamar, Blxst & Amanda Reifer",conscious hip hop,hip hop,rap,west coast rap
Kendrick Lamar & Kodak Black,conscious hip hop,hip hop,rap,west coast rap
Kendrick Lamar Featuring Sampha,conscious hip hop,hip hop,rap,west coast rap
Kendrick Lamar & Taylour Paige,conscious hip hop,hip hop,rap,west coast rap
"Kendrick Lamar, Summer Walker & Ghostface Killah",conscious hip hop,hip hop,rap,west coast rap
"Kendrick Lamar, Baby Keem, & Sam Dew",conscious hip hop,hip hop,rap,west coast rap
Post Malone Featuring Roddy Ricch,dfw rap,melodic rap,pop,rap
Kendrick Lamar & Tanna Leone,conscious hip hop,hip hop,rap,west coast rap
Kendrick Lamar Featuring Beth Gibbons,conscious hip hop,hip hop,rap,west coast rap
Quavo & Takeoff,
Ella Mai,r&b,rap,uk contemporary r&b,urban contemporary
Kate Bush,art pop,art rock,baroque pop,new wave pop,permanent wave,piano rock,singer-songwriter
Kanye West & XXXTENTACION,chicago rap,hip hop,rap
SleazyWorld Go Featuring Lil Baby,southern hip hop
Sleepy Hallow Featuring 347aidan,brooklyn drill,nyc rap
"Calvin Harris, Dua Lipa & Young Thug",dance pop,edm,electro house,house,pop,progressive house,uk dance
Cole Swindell,contemporary country,country,country road,modern country rock
Nicky Youre & dazy,singer-songwriter pop
Hitkidd & Glorilla,memphis hip hop
Keith Urban,contemporary country,country,country road
Tim McGraw,contemporary country,country,country road
Stephen Sanchez,gen z singer-songwriter
Post Malone Featuring Doja Cat,dfw rap,melodic rap,pop,rap
Post Malone Featuring Gunna,dfw rap,melodic rap,pop,rap
Post Malone,dfw rap,melodic rap,pop,rap
Post Malone Featuring The Kid LAROI,dfw rap,melodic rap,pop,rap
Post Malone Featuring Fleet Foxes,dfw rap,melodic rap,pop,rap
Shakira & Rauw Alejandro,colombian pop,dance pop,latin pop,pop
Joji,viral pop
BTS,k-pop,k-pop boy group,pop
"Pharrell Williams Featuring 21 Savage & Tyler, The Creator",dance pop,pop
Halsey,electropop,etherpop,indie poptimism,pop
OneRepublic,piano rock,pop
Tyler Hubbard,contemporary country,modern country pop
Dylan Scott,contemporary country,country road,modern country rock
Drake Featuring 21 Savage,canadian hip hop,canadian pop,hip hop,pop rap,rap
Drake,canadian hip hop,canadian pop,hip hop,pop rap,rap
Beyonce,pop,r&b
"Lil Baby, 42 Dugg & Veeze",atl hip hop,atl trap,rap,trap
Corey Kent,modern country pop,texas country
Charlie Puth Featuring Jung Kook,pop,viral pop
Lil Nas X & Youngboy Never Broke Again,lgbtq+ hip hop
Eminem & Snoop Dogg,detroit hip hop,hip hop,rap
Chris Brown Featuring WizKid,
Chris Brown Featuring Jack Harlow,r&b,rap
Lil Durk Featuring EST Gee,chicago drill,chicago rap,drill,hip hop,pop rap,rap,trap
Chris Brown Featuring Lil Baby,r&b,rap
Lil Durk Featuring Doodie Lo,chicago drill,chicago rap,drill,hip hop,pop rap,rap,trap
Chris Brown Featuring Lil Wayne & BLEU,r&b,rap
"Cardi B, Ye & Lil Durk",pop,rap
Metallica,hard rock,metal,old school thrash,rock,thrash metal
Jelly Roll,country rap,modern country pop,nashville hip hop,tennessee hip hop
City Girls & Usher,scam rap,trap queen
Ingrid Andress With Sam Hunt,contemporary country,country pop
Luke Bryan,contemporary country,country,country road,modern country rock
j-hope,k-pop,k-rap
Marshmello & Khalid,brostep,edm,pop,progressive electro house
Jake Owen,contemporary country,country,country road
Sia,pop
Steve Lacy,afrofuturism
Brent Faiyaz,r&b,rap
Yung Gravy,meme rap,minnesota hip hop
"Brent Faiyaz & DJ Dahi Featuring Tyler, The Creator",r&b,rap
Burna Boy,afrobeats,dancehall,nigerian hip hop,nigerian pop
Brent Faiyaz Featuring Alicia Keys,r&b,rap
Brent Faiyaz Featuring Joony,r&b,rap
Brent Faiyaz Featuring Drake,r&b,rap
Mitchell Tenpenny,contemporary country,country road,heartland rock,modern country rock
Tems,afro r&b,afrobeats,alte,nigerian pop
Chris Young With Mitchell Tenpenny,contemporary country,country,country road
Gabby Barrett,contemporary country
Megan Thee Stallion Featuring Future,houston rap,pop,rap,trap queen
John Rich,
Justin Moore,arkansas country,contemporary country,country,country road
Mac Miller,hip hop,pittsburgh rap,rap
Russ & Ed Sheeran,hawaiian hip hop,pop rap
Bizarrap & Quevedo,argentine hip hop,pop venezolano,trap argentino,trap latino,urbano latino
Beyonce Featuring BEAM,pop,r&b
"NAV, Travis Scott & Lil Baby",canadian hip hop,canadian trap,melodic rap,rap,trap
Beyonce Featuring Grace Jones & Tems,pop,r&b
Jax,gen z singer-songwriter,singer-songwriter pop
Nardo Wick,florida drill,florida rap,southern hip hop
DJ Khaled Featuring Drake & Lil Baby,hip hop,miami hip hop,pop rap,rap
"benny blanco, BTS & Snoop Dogg",pop
YoungBoy Never Broke Again Featuring Rod Wave,baton rouge rap,rap
"Trippie Redd, Moneybagg Yo & Offset",melodic rap,rap,trap
Rosalia,pop,r&b en espanol
Nicki Minaj,hip pop,pop,queens hip hop,rap
Rod Wave Featuring Jack Harlow,florida rap
Megan Thee Stallion Featuring Key Glock,houston rap,pop,rap,trap queen
Megan Thee Stallion Featuring Latto,houston rap,pop,rap,trap queen
Jordan Davis,contemporary country
BLACKPINK,k-pop,k-pop girl group,pop
Offset,atl hip hop,hip hop,pop rap,rap,trap
Jackson Dean,modern country pop
Thomas Rhett Featuring Riley Green,contemporary country,country,country road,modern country rock
Demi Lovato,pop,post-teen pop
Rosa Linn,alt z
Lee Brice,contemporary country,country,country road,modern country rock
Manuel Turizo,colombian pop,latin pop,reggaeton,reggaeton colombiano,trap latino,urbano latino
Elton John & Britney Spears,glam rock,mellow gold,piano rock,rock
"DJ Khaled Featuring Rick Ross, Lil Wayne, JAY-Z, John Legend & Fridayy",hip hop,miami hip hop,pop rap,rap
DJ Khaled Featuring Future & SZA,hip hop,miami hip hop,pop rap,rap
DJ Khaled Featuring Future & Lil Baby,hip hop,miami hip hop,pop rap,rap
Karol G x Maldy,reggaeton,reggaeton colombiano,urbano latino
DJ Khaled Featuring Kanye West & Eminem,
DJ Khaled Featuring Juice WRLD,hip hop,miami hip hop,pop rap,rap
"DJ Khaled Featuring Lil Durk, 21 Savage & Roddy Ricch",hip hop,miami hip hop,pop rap,rap
DJ Khaled Featuring Quavo & Takeoff,hip hop,miami hip hop,pop rap,rap
JVKE,modern indie pop,pov: indie,singer-songwriter pop
DJ Khaled Featuring Nardo Wick & Kodak Black,hip hop,miami hip hop,pop rap,rap
DJ Khaled Featuring Drake,hip hop,miami hip hop,pop rap,rap
David Guetta & Bebe Rexha,big room,dance pop,edm,pop,pop dance
DJ Khaled Featuring Don Toliver & Travis Scott,hip hop,miami hip hop,pop rap,rap
HARDY Featuring Lainey Wilson,contemporary country,modern country pop
d4vd,bedroom pop,bedroom r&b
Rema & Selena Gomez,afrobeats,nigerian pop
Armani White,indie hip hop
Romeo Santos & Justin Timberlake,bachata,latin hip hop,latin pop,trap latino,urbano latino
Kane Brown With Katelyn Brown,black americana,contemporary country,country,country road
Yeat Featuring Lil Uzi Vert,pluggnb,rage rap
Ghost,hard rock,metal
Omar Apollo,bedroom pop,bedroom soul
Little Big Town,contemporary country,country,country dawn,country road
BLEU & Nicki Minaj,
EST Gee Featuring Jack Harlow,kentucky hip hop,memphis hip hop,southern hip hop,trap
Sam Smith & Kim Petras,pop,uk pop
GloRilla & Cardi B,southern hip hop
AJR,pov: indie
Grupo Frontera,musica chihuahuense
Jimmie Allen,black americana,contemporary country,country road,modern country rock
YG,cali rap,hip hop,pop rap,rap,southern hip hop,trap
Megan Moroney,contemporary country,modern country pop
Diddy & Bryson Tiller,dance pop,east coast hip hop,hip hop,hip pop,pop rap,rap
Lewis Capaldi,pop,uk pop
Carly Pearce,contemporary country,country,country road
Lil Yachty,atl hip hop,melodic rap,rap,trap
"Quavo, Takeoff & YoungBoy Never Broke Again",atl hip hop,melodic rap,rap,trap
"Rauw Alejandro, Lyanno & Brray",puerto rican pop,reggaeton,trap latino,urbano latino
Lil Baby Featuring Fridayy,atl hip hop,atl trap,rap,trap
Lil Baby & Nardo Wick,atl hip hop,atl trap,rap,trap
Lil Baby & Young Thug,atl hip hop,atl trap,rap,trap
Lil Baby Featuring Future,atl hip hop,atl trap,rap,trap
Marshmello & Juice WRLD,brostep,edm,pop,progressive electro house
Lil Baby & Rylo Rodriguez,atl hip hop,atl trap,rap,trap
Lil Baby Featuring Pooh Shiesty,atl hip hop,atl trap,rap,trap
Blink-182,alternative metal,modern rock,pop punk,punk,rock,socal pop punk
Lil Baby & EST Gee,atl hip hop,atl trap,rap,trap
Lil Baby Featuring Jeremih,atl hip hop,atl trap,rap,trap
Lil Uzi Vert,hip hop,melodic rap,philly rap,rage rap,rap,trap
Taylor Swift Featuring Lana Del Rey,pop
Shakira + Ozuna,colombian pop,dance pop,latin pop,pop
Meghan Trainor,hip pop,pop
Oliver Tree & Robin Schulz,alternative hip hop
Rihanna,barbadian pop,pop,urban contemporary
Michael Jackson,r&b,soul
"Bobby ""Boris"" Pickett And The Crypt-Kickers",
Ray Parker Jr.,theme
JIN,k-pop
Trippie Redd & Don Toliver,melodic rap,rap,trap
Drake & 21 Savage,canadian hip hop,canadian pop,hip hop,pop rap,rap
Drake & 21 Savage Featuring Travis Scott,canadian hip hop,canadian pop,hip hop,pop rap,rap
21 Savage,atl hip hop,hip hop,rap
Selena Gomez,pop,post-teen pop
Lainey Wilson,contemporary country,modern country pop
Pharrell Williams & Travis Scott,dance pop,pop
Elvis Presley,rock-and-roll,rockabilly
"Metro Boomin, The Weeknd & 21 Savage",rap
"Metro Boomin, Future & Chris Brown",rap
Metro Boomin Featuring Don Toliver & Future,rap
"Metro Boomin, 21 Savage & Young Nudy",rap
"Metro Boomin, Travis Scott & 21 Savage",rap
Metro Boomin & Travis Scott,rap
"Metro Boomin, Travis Scott & Young Thug",rap
Metro Boomin & Young Thug,rap
Metro Boomin & John Legend,rap
Metro Boomin & 21 Savage Featuring Mustafa,rap
Metro Boomin Featuring Don Toliver,rap
Metro Boomin & Future Featuring Don Toliver,rap
Metro Boomin & A$AP Rocky Featuring Takeoff,rap
Metro Boomin & Gunna,rap
Arcangel & Bad Bunny,latin hip hop,reggaeton,trap latino,urbano latino
"Metro Boomin, Travis Scott & Future",rap
RM With Youjeen,k-rap
Kelly Clarkson & Ariana Grande,dance pop,pop,talent show
RAYE Featuring 070 Shake,uk contemporary r&b,uk pop
SZA Featuring Don Toliver,pop,r&b,rap
SZA Featuring Phoebe Bridgers,pop,r&b,rap
SZA Featuring Travis Scott,pop,r&b,rap
SZA Featuring Ol' Dirty Bastard,pop,r&b,rap
A Boogie Wit da Hoodie Featuring Kodak Black,melodic rap,rap,trap
John & Yoko/The Plastic Ono Band With The Harlem Community Choir,classic rock,rock
Donny Hathaway,chicago soul,classic soul,funk,neo soul,quiet storm,soul,southern soul
Pentatonix Featuring Meghan Trainor,a cappella,viral pop
Perry Como With Mitchell Ayers And His Orchestra,adult standards,easy listening
Nengo Flow & Bad Bunny,reggaeton,trap latino,urbano latino
Carin Leon X Grupo Frontera,corrido,musica mexicana,sad sierreno,sierreno
Fuerza Regida X Grupo Frontera,corrido,corridos tumbados,sad sierreno,sierreno
Tory Lanez,canadian hip hop,canadian trap,melodic rap,pop rap,r&b,rap,trap
Hotel Ugly,modern indie pop
Coi Leray,new jersey underground rap,trap queen
Miguel,r&b,urban contemporary
NewJeans,k-pop,k-pop girl group
Brett Young,contemporary country,country,country road
Miley Cyrus,pop
Bizarrap & Shakira,argentine hip hop,pop venezolano,trap argentino,trap latino,urbano latino
Moneybagg Yo x GloRilla,memphis hip hop,rap,southern hip hop,tennessee hip hop,trap
Sabrina Carpenter,pop
TAEYANG Featuring Jimin,k-pop,korean r&b
Mac DeMarco,edmonton indie,lo-fi indie,pov: indie,slacker rock
Gucci Mane & Kodak Black,atl hip hop,dirty south rap,hip hop,pop rap,rap,southern hip hop,trap
Trippie Redd & Juice WRLD,melodic rap,rap,trap
HARDY Featuring Morgan Wallen,contemporary country,modern country pop
Tiesto Featuring Tate McRae,big room,brostep,dutch edm,edm,house,pop dance,progressive electro house,slap house,trance
Kali Uchis,colombian pop
Ice Spice & Lil Tjay,bronx drill
TWICE,k-pop,k-pop girl group,pop
"Trippie Redd, Future & Lil Baby",melodic rap,rap,trap
Trippie Redd & Travis Scott,melodic rap,rap,trap
"Gabito Ballesteros, Peso Pluma & Natanael Cano",corrido,corridos tumbados,musica mexicana,sad sierreno,sierreno
NLE Choppa & 2Rare,memphis hip hop,rap
Finesse2Tymes,memphis hip hop
ThxSoMch,bedroom r&b
Zach Bryan Featuring Maggie Rogers,classic oklahoma country
Junior H X Oscar Maydon,corrido
Ozuna Featuring Feid,puerto rican pop,reggaeton,trap latino,urbano latino
P!nk,dance pop,pop
PinkPantheress & Ice Spice,bedroom pop
Karol G x Romeo Santos,reggaeton,reggaeton colombiano,urbano latino
Peso Pluma X Natanael Cano,corridos tumbados,sad sierreno
Falling In Reverse,alternative metal,rap metal
Ice Spice,bronx drill
Yandel & Feid,latin hip hop,reggaeton,trap latino,urbano latino
Rihanna Featuring Jay-Z,barbadian pop,pop,urban contemporary
Linkin Park,alternative metal,nu metal,post-grunge,rap metal,rock
Rihanna Featuring Calvin Harris,barbadian pop,pop,urban contemporary
Lizzo Featuring SZA,escape room,minnesota hip hop,pop,trap queen
Superstar Pride,southern hip hop
NF,hip hop,pop rap
Toosii,north carolina hip hop
Niall Horan,pop
Polo G & Future,chicago rap,rap
Lizzy McAlpine,alt z,boston folk,indie pop,singer-songwriter pop
Latto Featuring LU KALA,trap queen
Dierks Bentley,contemporary country,country,country road
Karol G x Shakira,reggaeton,reggaeton colombiano,urbano latino
Lil Wayne Featuring DMX,hip hop,new orleans rap,pop rap,rap,trap
Don Toliver Featuring Justin Bieber & Future,rap
Karol G & Ovy On The Drums,reggaeton,reggaeton colombiano,urbano latino
Yeat Featuring YoungBoy Never Broke Again,pluggnb,rage rap
Karol G & Quevedo,reggaeton,reggaeton colombiano,urbano latino
"Karol G, Justin Quiles & Angel Dior",reggaeton,reggaeton colombiano,urbano latino
Karol G & Carla Morrison,reggaeton,reggaeton colombiano,urbano latino
Morgan Wallen Featuring Eric Church,contemporary country
Morgan Wallen Featuring ERNEST,contemporary country
Morgan Wallen Featuring HARDY,contemporary country
j-hope With J. Cole,k-pop,k-rap
Miley Cyrus Featuring Brandi Carlile,pop
Peso Pluma,corridos tumbados,sad sierreno
Eslabon Armado X Peso Pluma,corrido,corridos tumbados,sad sierreno,sierreno
Jimin,k-pop
Hozier,irish singer-songwriter,modern rock,pop,pov: indie
Yng Lvcas x Peso Pluma,reggaeton,urbano mexicano
Chino Pacas,corrido
Eladio Carrion & Bad Bunny,trap boricua,trap latino,trap triste,urbano latino
Coco Jones,pop r&b
Melanie Martinez,alt z,electropop,pop
Russ,hawaiian hip hop,pop rap
Fifty Fifty,k-pop girl group
Rosalia & Rauw Alejandro,pop,r&b en espanol
Lola Brooke X Latto X Yung Miami Or Featuring Billy B,trap queen
"Tyler, The Creator",hip hop,rap
Fuerza Regida X Natanael Cano,corrido,corridos tumbados,sad sierreno,sierreno
Old Dominion,contemporary country,country,country road,modern country rock
"Tyler, The Creator Featuring A$AP Rocky",hip hop,rap
Kanii,bedroom r&b,krushclub,sped up
Nardo Wick Featuring Lil Baby,florida drill,florida rap,southern hip hop
Jack Black,comedy rock,comic
NF & Cordae,hip hop,pop rap
Junior H x Peso Pluma,corrido,corridos tumbados,musica mexicana,sad sierreno,sierreno
Labrinth,indie poptimism,pop
YoungBoy Never Broke Again Featuring Nicki Minaj,baton rouge rap,rap
Ice Spice & Nicki Minaj,bronx drill
Grupo Frontera X Bad Bunny,musica chihuahuense
David Kushner,gen z singer-songwriter,singer-songwriter pop
"Tyler, The Creator Featuring Kali Uchis",hip hop,rap
Becky G & Peso Pluma,latin pop,latin viral pop,rap latina,reggaeton,trap latino,urbano latino
Fuerza Regida & Peso Pluma,corrido,corridos tumbados,sad sierreno,sierreno
Grupo Marca Registrada X Grupo Frontera,corrido,norteno,sad sierreno
The Weeknd Featuring Future,canadian contemporary r&b,canadian pop,pop
Kim Petras Featuring Nicki Minaj,alt z,dance pop,pop,transpop
Agust D,k-rap
Yahritza y Su Esencia x Grupo Frontera,sad sierreno
Jonas Brothers,boy band,pop
Libianca,afrobeats
Kali,rap,viral rap
"Anuel AA, Mambo Kingz & DJ Luian",reggaeton,reggaeton flow,trap boricua,trap latino,urbano latino
Justin Moore & Priscilla Block,arkansas country,contemporary country,country,country road
Lil Mabu,
DaBaby,hip hop,north carolina hip hop,pop rap,rap,trap
Doechii Featuring Kodak Black,alternative r&b
Lil Durk Featuring J. Cole,chicago drill,chicago rap,drill,hip hop,pop rap,rap,trap
Ed Sheeran Featuring Luke Combs,pop,singer-songwriter pop,uk pop
Shakira,colombian pop,dance pop,latin pop,pop
Hailey Whitters,contemporary country,country pop,modern country pop
Fuerza Regida,corrido,corridos tumbados,sad sierreno,sierreno
Beyonce Featuring Kendrick Lamar,pop,r&b
Lana Del Rey,art pop,pop
Summer Walker & J. Cole,r&b,rap
"Kodak Black, NLE Choppa, Jimin, JVKE & Muni Long",florida drill,florida rap,melodic rap,miami hip hop,rap,trap,trap latino
"David Guetta, Anne-Marie & Coi Leray",big room,dance pop,edm,pop,pop dance
Taylor Swift Featuring Ice Spice,pop
Lil Durk Featuring 21 Savage,chicago drill,chicago rap,drill,hip hop,pop rap,rap,trap
Sexyy Red & Tay Keith & Nicki Minaj,trap queen
Lil Durk & Chief Wuk,chicago drill,chicago rap,drill,hip hop,pop rap,rap,trap
Lil Durk Featuring Juice WRLD,chicago drill,chicago rap,drill,hip hop,pop rap,rap,trap
Lil Durk Featuring Kodak Black,chicago drill,chicago rap,drill,hip hop,pop rap,rap,trap
Latto Featuring Cardi B,trap queen
Bizarrap & Peso Pluma,argentine hip hop,pop venezolano,trap argentino,trap latino,urbano latino
"Metro Boomin, Swae Lee & NAV Featuring A Boogie Wit da Hoodie",rap
"The Weeknd, Playboi Carti & Madonna",canadian contemporary r&b,canadian pop,pop
"Metro Boomin, Swae Lee, Lil Wayne & Offset",rap
"Metro Boomin, A$AP Rocky & Roisee",rap
Moneybagg Yo Featuring Future,memphis hip hop,rap,southern hip hop,tennessee hip hop,trap
"Metro Boomin, Future & Lil Uzi Vert",rap
Metro Boomin & Coi Leray,rap
Jelly Roll With Lainey Wilson,country rap,modern country pop,nashville hip hop,tennessee hip hop
Metro Boomin & James Blake,rap
Young Nudy Featuring 21 Savage,pluggnb,rap,southern hip hop,trap
Offset & JID,atl hip hop,hip hop,pop rap,rap,trap
Noah Kahan,pov: indie,singer-songwriter pop
El Alfa x Peso Pluma,dembow,rap dominicano,trap latino,urbano latino
Feid x Young Miko,colombian pop,pop reggaeton,reggaeton,reggaeton colombiano,trap latino,urbano latino
Gucci Mane & Lil Baby,atl hip hop,dirty south rap,hip hop,pop rap,rap,southern hip hop,trap
Nicki Minaj & Ice Spice With Aqua,hip pop,pop,queens hip hop,rap
Young Thug Featuring Drake,atl hip hop,atl trap,gangster rap,hip hop,melodic rap,rap,trap
Peso Pluma & Junior H,corridos tumbados,sad sierreno
"Peso Pluma, Gabito Ballesteros & Junior H",corridos tumbados,sad sierreno
Young Thug Featuring Future,atl hip hop,atl trap,gangster rap,hip hop,melodic rap,rap,trap
"Peso Pluma, Edgardo Nunez & Los Dareyes de La Sierra",corridos tumbados,sad sierreno
"Young Thug Featuring 21 Savage, Travis Scott & Yak Gotti",atl hip hop,atl trap,gangster rap,hip hop,melodic rap,rap,trap
Juice WRLD & Cordae,
Young Thug Featuring 21 Savage,atl hip hop,atl trap,gangster rap,hip hop,melodic rap,rap,trap
Young Thug Featuring Lil Uzi Vert,atl hip hop,atl trap,gangster rap,hip hop,melodic rap,rap,trap
Young Thug,atl hip hop,atl trap,gangster rap,hip hop,melodic rap,rap,trap
Peso Pluma & Jasiel Nunez,corridos tumbados,sad sierreno
Young Thug Featuring Travis Scott,atl hip hop,atl trap,gangster rap,hip hop,melodic rap,rap,trap
Lil Uzi Vert Featuring Nicki Minaj,hip hop,melodic rap,philly rap,rage rap,rap,trap
Lil Uzi Vert Featuring Travis Scott,hip hop,melodic rap,philly rap,rage rap,rap,trap
Peso Pluma & Grupo Frontera,corridos tumbados,sad sierreno
Kaliii,rap,viral rap
Tainy & Bad Bunny,pop reggaeton,reggaeton,trap latino,urbano latino
Lil Uzi Vert Featuring Don Toliver,hip hop,melodic rap,philly rap,rage rap,rap,trap
Lil Uzi Vert Featuring Bring Me The Horizon,hip hop,melodic rap,philly rap,rage rap,rap,trap
Fall Out Boy,emo,modern rock,pop,rock
Taylor Swift Featuring Hayley Williams,pop
Taylor Swift Featuring Fall Out Boy,pop
FendiDa Rappa With Cardi B,
Myke Towers,reggaeton,trap latino,urbano latino
Jung Kook Featuring Latto,k-pop
Troye Sivan,australian pop,pop,viral pop
Quavo & Future,atl hip hop,melodic rap,rap,trap
Ryan Castro x Pe$o Pluma,reggaeton,trap colombiano,trap latino,urbano latino
Rylo Rodriguez Featuring NoCap,alabama rap,atl trap,tennessee hip hop
"That Mexican OT, Paul Wall & DRODi",texas latin rap
"Travis Scott, Bad Bunny & The Weeknd",rap,slap house
Noah Kahan With Post Malone,pov: indie,singer-songwriter pop
"Diplo, Jessie Murph & Polo G",dance pop,edm,electro house,moombahton,pop dance
Charli XCX,art pop,candy pop,metropopolis,pop,uk pop
Ryan Gosling,hollywood
Burna Boy & Byron Messia,afrobeats,dancehall,nigerian hip hop,nigerian pop
Rylo Rodriguez,alabama rap,atl trap,tennessee hip hop
Travis Scott Featuring Drake,rap,slap house
Travis Scott Featuring Playboi Carti,rap,slap house
Travis Scott,rap,slap house
Travis Scott Featuring Rob49 & 21 Savage,rap,slap house
Travis Scott Featuring Teezo Touchdown,rap,slap house
Travis Scott & Beyonce,rap,slap house
Travis Scott Featuring SZA & Future,rap,slap house
Travis Scott Featuring Young Thug,rap,slap house
Travis Scott Featuring The Weeknd & Swae Lee,rap,slap house
Travis Scott Featuring James Blake & 21 Savage,rap,slap house
Tyler Childers,kentucky indie,kentucky roots,outlaw country
Travis Scott Featuring Westside Gunn,rap,slap house
Travis Scott Featuring Kid Cudi,rap,slap house
Travis Scott Featuring Yung Lean & Dave Chappelle,rap,slap house
Offset & Cardi B,atl hip hop,hip hop,pop rap,rap,trap
Drake & Central Cee,canadian hip hop,canadian pop,hip hop,pop rap,rap
Ivan Cornejo,sad sierreno
"Usher, Summer Walker & 21 Savage",atl hip hop,contemporary r&b,dance pop,pop,r&b,rap,south carolina hip hop,urban contemporary
Grupo Frontera & Grupo Firme,musica chihuahuense
Oliver Anthony Music,modern country pop
Karol G & Peso Pluma,reggaeton,reggaeton colombiano,urbano latino
"DJ Khaled, Lil Baby, Future & Lil Uzi Vert",hip hop,miami hip hop,pop rap,rap
"Karol G, Cris Mj & Ryan Castro",
Warren Zeiders,modern country pop
Dominic Fike,alternative pop rock,pov: indie
Teddy Swims,
Zach Bryan Featuring Kacey Musgraves,classic oklahoma country
Zach Bryan Featuring The War And Treaty,classic oklahoma country
Zach Bryan Featuring The Lumineers,classic oklahoma country
Zach Bryan Featuring Sierra Ferrell,classic oklahoma country
Gucci Mane Featuring J. Cole & Mike WiLL Made-It,atl hip hop,dirty south rap,hip hop,pop rap,rap,southern hip hop,trap
Carin Leon,corrido,musica mexicana,sad sierreno,sierreno
Victoria Monet,alternative r&b,r&b
Jimmy Buffett,trop rock
Calle 24 x Chino Pacas x Fuerza Regida,corrido,corridos tumbados,sad sierreno,sierreno
Sexyy Red,trap queen
"Timbaland, Nelly Furtado & Justin Timberlake",dance pop,pop,pop rap
Cardi B & Megan Thee Stallion,pop,rap
Peso Pluma x Jasiel Nunez x Junior H,corridos tumbados,sad sierreno
Drake Featuring SZA,canadian hip hop,canadian pop,hip hop,pop rap,rap
Rod Wave Featuring 21 Savage,florida rap
Rod Wave & Wet,florida rap
Rod Wave & Sadie Jean,florida rap
"Diddy, French Montana & The Weeknd Featuring 21 Savage",dance pop,east coast hip hop,hip hop,hip pop,pop rap,rap
Kenya Grace,singer-songwriter pop
Paul Russell,indie r&b
Zach Bryan Featuring Noah Kahan,classic oklahoma country
Zach Bryan Featuring Bon Iver,classic oklahoma country
Shakira X Fuerza Regida,colombian pop,dance pop,latin pop,pop
Lil Tecca,melodic rap,pluggnb,rap
Mitski,brooklyn indie,pov: indie
Maluma & Carin Leon,latin pop,reggaeton,reggaeton colombiano,trap latino,urbano latino
Lil Tecca & Kodak Black,melodic rap,pluggnb,rap
Jung Kook & Jack Harlow,k-pop
*NSYNC,boy band,dance pop,pop
Thomas Rhett Featuring Morgan Wallen,contemporary country,country,country road,modern country rock
Tyla,
Rick Ross & Meek Mill,dirty south rap,gangster rap,hip hop,rap,southern hip hop,trap
Dustin Lynch,contemporary country,country,country road,modern country rock
Lil Yachty & J. Cole,atl hip hop,melodic rap,rap,trap
Drake Featuring J. Cole,canadian hip hop,canadian pop,hip hop,pop rap,rap
Drake Featuring Yeat,canadian hip hop,canadian pop,hip hop,pop rap,rap
Drake Featuring Sexyy Red & SZA,canadian hip hop,canadian pop,hip hop,pop rap,rap
Drake Featuring Bad Bunny,canadian hip hop,canadian pop,hip hop,pop rap,rap
Drake Featuring Teezo Touchdown,canadian hip hop,canadian pop,hip hop,pop rap,rap
Drake Featuring PARTYNEXTDOOR,canadian hip hop,canadian pop,hip hop,pop rap,rap
Drake Featuring Chief Keef,canadian hip hop,canadian pop,hip hop,pop rap,rap
Drake Featuring Lil Yachty,canadian hip hop,canadian pop,hip hop,pop rap,rap
Jessie Murph & Jelly Roll,modern country pop,singer-songwriter pop
Noah Kahan With Kacey Musgraves,pov: indie,singer-songwriter pop
Junior H,corrido,corridos tumbados,musica mexicana,sad sierreno,sierreno
Bad Bunny & Young Miko,reggaeton,trap latino,urbano latino
Bad Bunny & Feid,reggaeton,trap latino,urbano latino
Bad Bunny & Mora,reggaeton,trap latino,urbano latino
Bad Bunny & Luar La L,reggaeton,trap latino,urbano latino
Bad Bunny & Bryant Myers,reggaeton,trap latino,urbano latino
Offset Featuring Travis Scott,atl hip hop,hip hop,pop rap,rap,trap
Bad Bunny & YOVNGCHIMI,reggaeton,trap latino,urbano latino
Bad Bunny & Eladio Carrion,reggaeton,trap latino,urbano latino
"Bad Bunny, Arcangel, De La Ghetto & Nengo Flow",reggaeton,trap latino,urbano latino
Offset & Don Toliver,atl hip hop,hip hop,pop rap,rap,trap
"The Kid LAROI, Jung Kook & Central Cee",australian hip hop
blink-182,alternative metal,modern rock,pop punk,punk,rock,socal pop punk
The Citizens of Halloween,
Lil Mabu & chriseanrock,
The Beatles,british invasion,classic rock,merseybeat,psychedelic rock,rock
Fuerza Regida & Marshmello,corrido,corridos tumbados,sad sierreno,sierreno
Carly Pearce Featuring Chris Stapleton,contemporary country,country,country road
Noah Kahan With Hozier,pov: indie,singer-songwriter pop
Stray Kids,k-pop,k-pop boy group,pop
Riley Green Featuring Luke Combs,contemporary country,modern country pop
YoungBoy Never Broke Again & Rod Wave,baton rouge rap,rap
310babii,
Andre 3000,
Bing Crosby With Ken Darby Singers & John Scott Trotter & His Orchestra,adult standards,easy listening,lounge,swing
Kali Uchis & Karol G,colombian pop
Noah Kahan With Gracie Abrams,pov: indie,singer-songwriter pop
BigXthaPlug,southern hip hop
Frank Sinatra With Orchestra Conducted By Gordon Jenkins,adult standards,easy listening,lounge
Nicki Minaj Featuring Lil Uzi Vert,hip pop,pop,queens hip hop,rap
Nicki Minaj Featuring Drake,hip pop,pop,queens hip hop,rap
Nicki Minaj Featuring J. Cole,hip pop,pop,queens hip hop,rap
Nicki Minaj Featuring Lil Wayne & Tate Kobang,hip pop,pop,queens hip hop,rap
Nicki Minaj Featuring Lourdiz,hip pop,pop,queens hip hop,rap
"Nat ""King"" Cole",
Peso Pluma & Anitta,corridos tumbados,sad sierreno
Xavi,sad sierreno
Flo Milli,viral rap
"Juice WRLD, Eminem & benny blanco",chicago rap,melodic rap,rap
George Birge,modern country pop,texas country
The Red Clay Strays,modern country pop
Cher,dance pop,pop
"The Weeknd, JENNIE & Lily Rose Depp",canadian contemporary r&b,canadian pop,pop
Chayce Beckham,modern country pop
"Peso Pluma, Junior H & Oscar Maydon",corridos tumbados,sad sierreno
Sophie Ellis-Bextor,dance pop,europop,new wave pop
"The Weeknd, Jennie & Lily Rose Depp",canadian contemporary r&b,canadian pop,pop
4Batz,
Dylan Gossett,modern country pop
Fridayy,
"Tee Grizzley, Mariah The Scientist & Chris Brown",detroit hip hop,detroit trap,rap,southern hip hop,trap
"21 Savage, Travis Scott & Metro Boomin",atl hip hop,hip hop,rap
21 Savage & Doja Cat,atl hip hop,hip hop,rap
Kali Uchis & Peso Pluma,colombian pop
"21 Savage, Young Thug & Metro Boomin",
"21 Savage, Lil Durk & Metro Boomin",atl hip hop,hip hop,rap
21 Savage & Brent Faiyaz,atl hip hop,hip hop,rap
21 Savage & Summer Walker,atl hip hop,hip hop,rap
"21 Savage, Tommy Newport & Mikky Ekko",atl hip hop,hip hop,rap
"21 Savage, Burna Boy & Metro Boomin",atl hip hop,hip hop,rap
21 Savage & Mariah The Scientist,atl hip hop,hip hop,rap
That Mexican OT,texas latin rap
Oscar Ortiz X Edgardo Nunez,corrido
Shoreline Mafia Presents OhGeesy & Fenix Flexin,
Richy Mitch And The Coal Miners,
Rod Wave Featuring Lil Yachty & Lil Baby,
Laufey,
Duane Eddy His Twangy Guitar And The Rebels,
Tony And Joe,
Gerry Granahan,
Gino & Gina,
The Kirby Stone Four,
Jerry Lee Lewis And His Pumping Piano,
The Honeycones,
Frank Gallup,
Oscar McLollie and Jeanette Baker,
David Seville,
The Daddy-O's,
The Upbeats,
The Ames Brothers,
DeJohn Sisters,
The DeCastro Sisters,
Dale Wright And The Wright Guys With the Dons,
Tommy Sands And The Raiders,
The Chargers,
Gordon MacRae,
The Redjacks,
Georgie Young,
The Four Esquires,
The Swallows,
Cyclones,
Lee Allen And His Band,
Betty Johnson,
Mitch Miller and his Orchestra and Chorus,
Raymond Lefevre and His Orchestra,
Johnny Nash,
The Nu Tornados,
Bob Kayli,
The Four Aces,
June Valli,
Paul Anka-Geo. Hamilton IV-Johnny Nash,
The Tommy Dorsey Orchestra Starring Warren Covington,
"Huey ""piano"" Smith With His Clowns",
Augie Rios,
Art Lund,
Eugene Church and The Fellows,
Polly Bergen,
Quaker City Boys,
Wade Flemons and the Newcomers,
Stan Freberg,
Annette With The Afterbeats,
The Wild-Cats,
Cyril Stapleton And His Orchestra,
"Mitch Miller and his ""Sing Along With Mitch"" Chorus",
Chris Barber's Jazz Band,
The Four Knights,
Cathy Carr,
The Mark IV,
The Morgan Brothers,
Pat and the Satellites,
Charlie Blackwell,
Jaye P. Morgan,
Dean Reed,
Graduates,
Joe Medlin,
Marie & Rex,
"Dave ""Baby"" Cortez",
Ronnie Height,
Sammy Turner and The Twisters,
Tommy Dee with Carol Kay and the Teen-Aires,
Scott Garrett,
Lee and Paul,
Franck Pourcel's French Fiddles,
The Big Sound Of Don Ralke,
Billy Storm,
Gary Stites,
The Exotic Sounds of Martin Denny,
The Mary Kaye Trio,
Edward Byrnes & Connie Stevens,
David Hill,
Jimmy Beck & His Orchestra,
Lloyd Price and His Orchestra,
Jimmy Darren,
The Trumpeteers,
Chico Holiday,
Rocky Olson,
The Mickey Mozart Quintet,
Vaughn Monroe,
Addrisi Brothers,
Hugo & Luigi,
Duane Eddy And The Rebels,
"Frank Sinatra ""and a bunch of kids""",
Little Bill and The Bluenotes,
Jacky Noguez And His Musette Orchestra,
Skip And Flip,
Eddie and Betty,
The Tassels,
The Knightsbridge Strings,
Marvin Rainwater,
Edd Byrnes and Friend,
The Tradewinds,
Bob Beckham,
Ivo Robic and The Song-Masters,
Bob McFadden And Dor,
Dick Flood,
Bobby Vee and The Shadows,
Joe Damiano,
The Strangers,
Jivin' Gene And The Jokers,
Paul Evans and the Curls,
Leslie Uggams,
Boyd Bennett,
Tommy Facenda,
Bobby Comstock,
Rocco Granata and the International Quintet,
The Nutty Squirrels,
Ralph DeMarco,
Sonny Spencer,
Jacky Noguez And His Orchestra,
Don Costa And His Orchestra And Chorus,
Clyde Stacy,
"Dancer, Prancer And Nervous",
The Bluenotes,
Dorothy Collins,
Spencer Ross,
Tender Slim,
Jamie Horton,
Johnny Ferguson,
Monty Kelly And His Orchestra,
Nickey DeMatteo,
Bobby Comstock And The Counts,
Les Compagnons De La Chanson,
100 Strings and Jono (Choir of 40 Voices),
Al Brown's Tunetoppers Featuring Cookie Brown,
Ray Bryant Combo,
The Singing Belles,
Sir Chauncey and his exciting strings,
Charlie Ryan and the Timberline Riders,
Frank DeVol And His Rainbow Strings,
Larry Bright,
Ike Clanton,
Mel Gadson,
Jon Thomas and Orchestra,
Jan And Kjeld,
Danny Valentino,
Gary Cane And His Friends,
Bobby Marchan,
Art Mooney And His Orchestra,
Garry Miles,
Garry Mills,
Red River Dave,
Nat King Cole-Stan Kenton,
Jerry Byrd,
The Statues,
The Tree Swingers,
Jimmy Charles and The Revelletts,
Rosemary Clooney,
Felix Slatkin Orchestra and Chorus,
Ray Ellis,
The Mark II,
Bud & Travis,
Ray Conniff His Orchestra And Chorus,
Lolita,
Lawrence Welk And His Orchestra,
David Carroll And His Orchestra,
Bobby Peterson,
Charles Wolcott,
Mantovani & His Orchestra,
Austin Taylor,
Cornbread & Biscuits,
Mantovani & His Orch.,
Richie Allen,
The Melodeers,
Jerry Murad's Harmonicats,
Thelma Carpenter,
Ella Johnson With Buddy Johnson,
Ronnie Savoy,
Ronnie Love And His Orchestra,
The Goodtimers,
"The ""5"" Royales",
Paul Dino,
Rochell And The Candles With Johnny Wyatt,
The Cambridge Strings And Singers,
Cathy Jean and The Roommates,
Ernestine Anderson,
Herb Lance & The Classics,
Dick Lee,
Otis Williams And His Charms,
Sammy Kaye And His Orchestra,
Merv Griffin,
Audrey Arno And The Hazy Osterwald Sextet,
The Strollers,
Piero Soffici,
Johnny Maestro The Voice Of The Crests,
Oscar Black,
Lale Anderson,
Jeanette (Baby) Washington,
Jimmy Witter,
Russell Byrd,
Mina,
Paul Peek,
The Dukays,
Wyatt (Earp) McPherson,
Pat Zill,
Marcy Joe,
Teddy Vann,
The Excels,
Philip Upchurch Combo,
Adrian Kimberly,
Ray Ellis And His Orchestra,
Rick And The Keens,
Joe Reisman Orch. & Chorus,
Jose Jimenez,
Phill Wilson,
Johnny Maestro with The Coeds,
The 3 Friends,
"Karl Hammel, Jr.",
Lonnie Donegan And His Skiffle Group,
The Preludes Five,
Mary Ann Fisher,
Hayley Mills and Hayley Mills,
Richard Hayman And His Orchestra,
Tina Robin,
The Stereos,
The Lennon Sisters,
Lawrence Welk His Orchestra And Chorus,
Hank Levine And Orchestra,
The Parkays,
Sims Twins,
Gene Thomas,
Danny Peppermint and the Jumping Jacks,
Frank Slay And His Orchestra,
Sleepy King,
Jimmie Beaumont,
The Jack Halloran Singers,
Tico And The Triumphs,
Billy Joe & The Checkmates,
Dukays,
Saverio Saridis,
The Megatons,
Anita & Th' So-And-So's,
The Stompers,
Big Sambo and The House Wreckers,
Marlowe Morris Quintet,
The Blue-Belles,
Dr. Feelgood And The Interns,
Jackie Wilson & Linda Hopkins,
Nathaniel Mayer And The Fabulous Twilights,
The Duke Of Earl,
The Volume's,
Yvonne Baker and the Sensations,
Jimmy Smith And The Big Band,
David Rose and His Orchestra,
Valjean on Piano,
Teddy & The Twilights,
Don Gardner And Dee Dee Ford,
The Miniature Men,
Mickey Shorr and The Cutups,
Jimmy Norman,
Little Joey And The Flips,
Jerry Reed And The Hully Girlies,
Vince Edwards,
Little Jo Ann,
April Stevens & Nino Tempo,
Martin Denny and His Orchestra,
The Lafayettes,
Bob Braun,
Bent Fabric and His Piano,
Dick Roman,
Vincent Edwards,
Carroll Bros.,
Florraine Darlin,
Dave York and The Beachcombers,
Bunker Hill,
The Victor Feldman Quartet,
Bobby Vee and The Crickets,
Duane Eddy and the Rebelettes,
Stan Kenton,
David Thorne,
Bob And Earl,
"Esther Phillips ""Little Esther""",
Herb Alpert And Tijuana Brass,
Dean Christie,
Dean Martin & Sammy Davis Jr.,
Sandy Stewart,
Joe Harnell And His Orchestra,
Roosevelt Fountain And Pens Of Rhythm,
Baby Jane & The Rockabyes,
The Alley Cats,
The Matys Bros.,
The Furys,
Boots Randolph and his Combo,
Johnny Beecher and his Buckingham Road Quintet,
George McCurn,
The Shepherd Sisters,
Mongo Santamaria Band,
Bobby Callender,
The Valentinos (The Lovers),
The Appalachians,
Charlie Russo,
The Dartells,
The Hippies (Formerly The Tams),
Wayne Newton And The Newton Brothers,
Steve Allen,
Matt Lucas,
The 4 Seasons Featuring Frankie Valli,
The Shacklefords,
"""Pookie"" Hudson",
Tom Glazer And The Do-Re-Mi Children's Chorus,
James MacArthur,
Bobby Pickett,
Chris Columbo Quintet,
Andrea Carroll,
The High Keyes,
Diane Ray,
The King Pins,
The Busters,
Dion (Di Muci),
Alice Wonder Land,
Donald Jenkins & The Delighters,
Patti LaBelle And The Blue Belles,
The O'Jays,
Jimmy Gilmer And The Fireballs,
The Smothers Brothers,
"Joe Sherman, his Orchestra and Chorus",
Steve Allen and His Orchestra with The Copacabana Trio,
Dean And Jean,
The David Rockingham Trio,
Morty Jay And The Surferin' Cats,
Dion Di Muci,
Ginny Arnell,
Debbie Dovale,
The Allisons,
Dale Ward,
Al (He's the King) Hirt,
Jim and Monica,
Timmy Shaw,
The Crampton Sisters,
Little Jr. Parker,
Donna Lynn,
Pete Drake And His Talking Steel Guitar,
Tony Clarke,
The Carefrees,
Robert Maxwell His Harp And Orchestra,
Justine Washington,
B.B. King And His Orchestra,
"The 4 Seasons Featuring the ""Sound of Frankie Valli""",
Sugar Pie DeSanto,
The Womenfolk,
James Brown And His Orchestra,
Lucille Starr,
Christine Quaite,
The Four-Evers,
Round Robin,
Die Beatles,
Boston Pops Orchestra Arthur Fiedler,
The Hollyridge Strings,
The Ska Kings,
Siw Malmkvist-Umberto Marcato,
Bobby Shafto,
George Martin And His Orch.,
The Greenwood County Singers,
Ronny And The Daytonas,
Lulu And The Luvers,
Roy Orbison And The Candy Men,
J. Frank Wilson and The Cavaliers,
The Butterflys,
The Spats Featuring Dick Johnson,
The Mustangs,
Sonny Knight,
Nella Dodds,
Harold Betters,
"The ""You Know Who"" Group!",
Bobbi Martin,
The Waikikis,
Phyllis McGuire,
Jo Ann & Troy,
Lee Morgan,
The Novas,
Reparata And The Delrons,
Jack Laforge His Piano and Orchestra,
The Arrows Featuring Davie Allan,
John Barry and His Orchestra,
Thee Midniters,
Glenn Yarbrough,american folk revival
Wayne Fontana & The Mindbenders,british invasion
Sounds Orchestral,easy listening
Roddie Joy,souldies
The Uniques Featuring Joe Stampley,
Willie Tee,new orleans soul,swamp pop
The Seekers,british invasion
The Who,album rock,british invasion,classic rock,hard rock,rock
Sir Douglas Quintet,cosmic american
Bob Dylan,classic rock,country rock,folk,folk rock,rock,roots rock,singer-songwriter
Sam The Sham and the Pharaohs,bubblegum pop,classic garage rock,rock-and-roll,surf music
Tom Jones,adult standards,british invasion
Adam Faith,british invasion,rock-and-roll
George & Gene,
Vic Damone,adult standards,easy listening
Chuck Jackson & Maxine Brown,northern soul,rhythm and blues,southern soul
Soupy Sales,
Unit Four plus Two,british invasion
Esther Phillips,jazz blues,rhythm and blues
Horst Jankowski,easy listening,space age pop
Radiants,chicago soul,classic soul
The Guess Who,album rock,classic canadian rock,classic rock,country rock,folk rock,hard rock,mellow gold,rock,singer-songwriter,soft rock
The Yardbirds,album rock,blues rock,british blues,british invasion,classic rock,country rock,folk rock,hard rock,psychedelic rock,rock,singer-songwriter
Donovan,british folk,british invasion,classic rock,folk,folk rock,glam rock,psychedelic folk,psychedelic rock,scottish singer-songwriter,singer-songwriter
The Byrds,album rock,beatlesque,classic rock,cosmic american,country rock,folk,folk rock,mellow gold,psychedelic rock,rock,soft rock
Barbara Mason,classic soul,philly soul,southern soul
The Marvelows,chicago soul,classic soul,souldies
The Ovations (Featuring Louis Williams),memphis soul,southern soul
Them,british blues,british invasion,protopunk
Len Barry,philly soul
Fred Hughes,northern soul
Lou Rawls,classic soul,disco,motown,philly soul,quiet storm,soul,soul blues
The Strangeloves,classic garage rock
Patty Duke,deep adult standards
Del Reeves,cowboy western,truck-driving country,western swing
"Dino, Desi & Billy",sunshine pop
Billy Butler & The Chanters,
Billy Joe Royal,bubblegum pop,classic garage rock,merseybeat,swamp pop
The Astors,memphis soul
Sonny & Cher,adult standards,bubblegum pop,folk,folk rock,mellow gold,rock-and-roll,rockabilly,singer-songwriter,soft rock
Arthur Prysock,
We Five,bubblegum pop,classic garage rock,merseybeat
The Turtles,bubblegum pop,classic rock,folk rock,merseybeat,psychedelic rock,rock-and-roll,rockabilly
Edwin Starr,classic soul,motown,northern soul,soul,southern soul
G.L. Crockett,
O.V. Wright,memphis soul,southern soul
Dee Dee Warwick,southern soul
The Castaways,beach music,classic garage rock
The McCoys,bubblegum pop,classic garage rock,doo-wop,merseybeat,rock-and-roll
David Jones,
Barry McGuire,folk rock
Sonny,brill building pop
The Fortunes,british invasion
The Lovin' Spoonful,bubblegum pop,classic rock,country rock,folk,folk rock,mellow gold,psychedelic rock,rock-and-roll,soft rock
Roy Head And The Traits,
Ian Whitcomb,british invasion
The Gentrys,classic garage rock
Herb Alpert & The Tijuana Brass,easy listening,lounge
The Toys,
The Spokesmen,
The Vogues,bubblegum pop,classic garage rock,sunshine pop
The Ivy League,british invasion
Sam & Bill,modern psychedelic folk
Jonathan King,classic uk pop,merseybeat
The Barbarians,classic garage rock,deep classic garage rock,protopunk
The Gants,classic garage rock,freakbeat
Fontella Bass,chicago soul,classic soul,rhythm and blues,soul
"""Little"" Jimmy Dickens",country gospel,traditional country,western swing
Danny Hutton,
Nancy Sinatra,lounge,sunshine pop
The Vejtables,psychedelic rock
The Mad Lads,classic soul,memphis soul,rhythm and blues,southern soul
Roy Head,
The Mojo Men,classic garage rock
Barry Young,
The Packers,
The Statler Brothers,country,country rock
Buck Owens and The Buckaroos,bakersfield sound
Simon & Garfunkel,classic rock,folk,folk rock,melancholia,mellow gold,rock,soft rock
The Spellbinders,deep northern soul
Paul Revere & The Raiders Featuring Mark Lindsay,bubblegum pop,classic garage rock,classic rock,country rock,folk rock,mellow gold,protopunk,psychedelic rock,rock-and-roll,rockabilly,singer-songwriter,soft rock
Bobby Powell,
The Knickerbockers,classic garage rock
Ted Taylor,classic soul,southern soul
Hedgehoppers Anonymous,british invasion
The T-Bones,
Mitch Ryder And The Detroit Wheels,detroit rock
Etta James & Sugar Pie DeSanto,rhythm and blues,southern soul
Mike Douglas,movie tunes
The Young Rascals,bubblegum pop,classic garage rock,country rock,folk rock,merseybeat,psychedelic rock,rock-and-roll,singer-songwriter
Lowell Fulsom,acoustic blues,blues,electric blues,jump blues,soul blues,texas blues,traditional blues
The Five Americans,classic garage rock
Chris Andrews,british invasion,nederpop
Red Sovine,classic country pop,truck-driving country
Tammi Terrell,classic soul,motown,soul,southern soul
David & Jonathan,bluegrass,instrumental bluegrass,jam band,jamgrass,jazz violin,mandolin,progressive bluegrass
The Mamas & The Papas,classic rock,folk rock,mellow gold,psychedelic rock,rock,soft rock,sunshine pop
Frankie Valli,adult standards,bubblegum pop,lounge
Sam & Dave,classic soul,memphis soul,soul,southern soul
Darrow Fletcher,northern soul
Eddie Holman,classic soul,northern soul,philly soul,southern soul
Bob Lind,psychedelic folk rock
Bud Shank,jazz saxophone
Johnny Lytle,jazz vibraphone
Johnny and The Expressions,souldies
Deon Jackson,
Bobby Fuller Four,bubblegum pop,classic garage rock,surf music
SSgt Barry Sadler,military cadence
Neal Hefti,theme
New Colony Six,classic garage rock,freakbeat
The Elgins,classic soul,motown,rhythm and blues,southern soul
The Outsiders,american oi,classic garage rock
Norma Tanega,psychedelic folk rock
Pozo Seco Singers,american folk revival
The Spencer Davis Group,british blues,british invasion,protopunk
The Poppies,
The Mar-Keys,instrumental soul,memphis soul,southern soul
The Harden Trio,
Just Us,
Shadows Of Knight,classic garage rock,protopunk
Lyme & Cybelle,
The Poets,british blues,freakbeat
Nancy Ames,
Brian Wilson,baroque pop,sunshine pop
J.J. Barnes,northern soul
James Carr,classic soul,memphis soul,southern soul
Percy Sledge,classic soul,rock-and-roll,soul,southern soul
The Mindbenders,merseybeat
The Monitors,classic soul,motown
Ko Ko Taylor,blues,chicago blues,electric blues,traditional blues
Swingin' Medallions,beach music
The Standells,classic garage rock,protopunk
Robert Parker,new orleans soul
The Capitols,motown
Mrs. Miller,novelty,outsider,space age pop
Love,acid rock,folk rock,psychedelic rock
Shades Of Blue,
B.J. Thomas,adult standards,bubblegum pop,classic country pop,folk rock,mellow gold,soft rock
The Leaves,classic garage rock,classic psychedelic rock,freakbeat
Neil Diamond,adult standards,brill building pop,folk rock,mellow gold,singer-songwriter,soft rock,yacht rock
The Cyrkle,classic garage rock,sunshine pop
The Five Stairsteps,chicago soul,classic soul,motown
The Critters,bubblegum pop
Jeannie Seely,classic country pop
Ike & Tina Turner Featuring Tina,classic soul,disco,rock-and-roll,soul,southern soul
The Shadows Of Knight,classic garage rock,protopunk
Tommy James And The Shondells,bubblegum pop,classic garage rock,classic rock,country rock,folk rock,mellow gold,merseybeat,psychedelic rock,rock-and-roll
Syndicate Of Sound,classic garage rock,deep classic garage rock
The Association,bubblegum pop,classic garage rock,country rock,folk rock,mellow gold,singer-songwriter,soft rock,sunshine pop
Beau Brummels,classic garage rock,psychedelic rock
Johnny Sea,
Susan Christie,psychedelic folk
Crispian St. Peters,british invasion
Ray Conniff And The Singers,easy listening
The Grass Roots,bubblegum pop,classic garage rock,country rock,folk rock,psychedelic rock,soft rock,sunshine pop
Joe Simon,philly soul,southern soul
The Troggs,british invasion
The Ides Of March,
Tommy McLain,swamp pop
Bobby Moore & The Rhythm Aces,classic soul,souldies
Clefs Of Lavender Hill,
Bobby Hebb,northern soul
"""Groove"" Holmes",instrumental soul,jazz funk,jazz organ,soul jazz
The Buena Vistas,
The Uniques,
The Happenings,bubblegum pop,classic garage rock,merseybeat
