song,artist,days...,popularities...
All I Want For Christmas Is You,Mariah Carey,2025-02-02,87
Rockin' Around The Christmas Tree,Brenda Lee,2025-02-02,86
Jingle Bell Rock,Bobby Helms,2025-02-02,84
A Holly Jolly Christmas,Burl Ives,2025-02-02,72
Easy On Me,Adele,2025-02-02,77
It's The Most Wonderful Time Of The Year,Andy Williams,2025-02-02,82
Last Christmas,Wham!,2025-02-02,86
Feliz Navidad,Jose Feliciano,2025-02-02,75
Stay,The Kid LAROI & Justin Bieber,2025-02-02,78
Sleigh Ride,The Ronettes,2025-02-02,79
The Christmas Song (Merry Christmas To You),Nat King Cole,2025-02-02,78
"Let It Snow, Let It Snow, Let It Snow",Dean Martin,2025-02-02,83
Underneath The Tree,Kelly Clarkson,2025-02-02,74
Broadway Girls,Lil Durk Featuring Morgan Wallen,2025-02-02,65
Heat Waves,Glass Animals,2025-02-02,84
Christmas (Baby Please Come Home),Darlene Love,2025-02-02,70
It's Beginning To Look A Lot Like Christmas,Perry Como And The Fontane Sisters With Mitchell Ayres And His Orchestra,2025-02-02,79
Santa Tell Me,Ariana Grande,2025-02-02,84
Rudolph The Red-Nosed Reindeer,Gene Autry,2025-02-02,67
Happy Holiday / The Holiday Season,Andy Williams,2025-02-02,71
White Christmas,Bing Crosby,2025-02-02,77
Industry Baby,Lil Nas X & Jack Harlow,2025-02-02,73
Shivers,Ed Sheeran,2025-02-02,81
Need To Know,Doja Cat,2025-02-02,75
Run Rudolph Run,Chuck Berry,2025-02-02,77
Super Gremlin,Kodak Black,2025-02-02,65
abcdefu,GAYLE,2025-02-02,72
(There's No Place Like) Home For The Holidays,Perry Como,2025-02-02,62
It's Beginning To Look A Lot Like Christmas,Michael Buble,2025-02-02,79
Bad Habits,Ed Sheeran,2025-02-02,78
Smokin Out The Window,Silk Sonic (Bruno Mars & Anderson .Paak),2025-02-02,63
Jingle Bells,Frank Sinatra,2025-02-02,69
"You're A Mean One, Mr. Grinch",Thurl Ravenscroft,2025-02-02,65
Santa Baby,Eartha Kitt With Henri Rene And His Orchestra,2025-02-02,50
Wonderful Christmastime,Paul McCartney,2025-02-02,55
Linus & Lucy,Vince Guaraldi Trio,2025-02-02,57
Good 4 U,Olivia Rodrigo,2025-02-02,81
Ghost,Justin Bieber,2025-02-02,83
Please Come Home For Christmas,Eagles,2025-02-02,76
Santa Claus Is Comin' To Town,Jackson 5,2025-02-02,71
I Hate U,SZA,2025-02-02,68
Little Saint Nick,The Beach Boys,2025-02-02,66
Mistletoe,Justin Bieber,2025-02-02,80
Fancy Like,Walker Hayes,2025-02-02,68
Deck The Halls,Nat King Cole,2025-02-02,2
Have Yourself A Merry Little Christmas,Michael Buble,2025-02-02,58
Christmastime Is Here,Vince Guaraldi Trio,2025-02-02,24
Thats What I Want,Lil Nas X,2025-02-02,73
One Right Now,Post Malone & The Weeknd,2025-02-02,67
Happier Than Ever,Billie Eilish,2025-02-02,82
Love Nwantiti (Ah Ah Ah),CKay,2025-02-02,74
Knife Talk,Drake Featuring 21 Savage & Project Pat,2025-02-02,74
Thinking 'Bout You,Dustin Lynch Featuring Lauren Alaina Or MacKenzie Porter,2025-02-02,68
Merry Christmas,Ed Sheeran & Elton John,2025-02-02,74
Better Days,NEIKED X Mae Muller X Polo G,2025-02-02,56
Oh My God,Adele,2025-02-02,72
Way 2 Sexy,Drake Featuring Future & Young Thug,2025-02-02,71
Buy Dirt,Jordan Davis Featuring Luke Bryan,2025-02-02,77
Meet Me At Our Spot,THE ANXIETY: WILLOW & Tyler Cole,2025-02-02,71
You Should Probably Leave,Chris Stapleton,2025-02-02,80
Christmas Tree Farm (Old Timey Version),Taylor Swift,2025-02-02,54
Pick Out A Christmas Tree,Dan + Shay,2025-02-02,36
Whiskey And Rain,Michael Ray,2025-02-02,55
Girls Want Girls,Drake Featuring Lil Baby,2025-02-02,73
Sand In My Boots,Morgan Wallen,2025-02-02,72
Who Want Smoke??,"Nardo Wick Featuring G Herbo, Lil Durk & 21 Savage",2025-02-02,60
All Too Well (Taylor's Version),Taylor Swift,2025-02-02,69
Big Energy,Latto,2025-02-02,63
Enemy,Imagine Dragons X JID,2025-02-02,76
I'll Be Home For Christmas,Camila Cabello,2025-02-02,53
Chosen,Blxst & Tyga Featuring Ty Dolla $ign,2025-02-02,66
One Mississippi,Kane Brown,2025-02-02,54
Burn,Juice WRLD,2025-02-02,68
Have Mercy,Chloe,2025-02-02,62
Woman,Doja Cat,2025-02-02,81
25 Million,Roddy Ricch,2025-02-02,54
By Your Side,Rod Wave,2025-02-02,63
Christmas Isn't Canceled (Just You),Kelly Clarkson,2025-02-02,60
For Tonight,Giveon,2025-02-02,60
Life Goes On,Oliver Tree,2025-02-02,71
'Til You Can't,Cody Johnson,2025-02-02,71
To Be Loved By You,Parker McCollum,2025-02-02,49
My Universe,Coldplay x BTS,2025-02-02,73
Moved To Miami,Roddy Ricch Featuring Lil Baby,2025-02-02,47
Freedom Was A Highway,Jimmie Allen & Brad Paisley,2025-02-02,50
Wandered To LA.,Juice WRLD & Justin Bieber,2025-02-02,60
Already Dead,Juice WRLD,2025-02-02,67
Tequila Little Time,Jon Pardi,2025-02-02,60
Scorpio,Moneybagg Yo,2025-02-02,56
Hibachi,Roddy Ricch Featuring Kodak Black & 21 Savage,2025-02-02,57
Heart On Fire,Eric Church,2025-02-02,52
Message In A Bottle (Taylor's Version) (From The Vault),Taylor Swift,2025-02-02,68
Same Boat,Zac Brown Band,2025-02-02,51
Thailand,Roddy Ricch,2025-02-02,47
Bubbly,Young Thug With Drake & Travis Scott,2025-02-02,64
Do It To It,Acraze Featuring Cherish,2025-02-02,75
No Love,Summer Walker & SZA,2025-02-02,47
Knowing You,Kenny Chesney,2025-02-02,57
Family Ties,Baby Keem & Kendrick Lamar,2025-02-02,79
Essence,Wizkid Featuring Justin Bieber & Tems,2025-02-02,70
Kiss Me More,Doja Cat Featuring SZA,2025-02-02,68
You Right,Doja Cat & The Weeknd,2025-02-02,75
We Don't Talk About Bruno,"Carolina Gaitan, Mauro Castillo, Adassa, Rhenzy Feliz, Diane Guerrero, Stephanie Beatriz & Encanto Cast",2025-02-02,71
Surface Pressure,Jessica Darrow,2025-02-02,67
Christmas Tree,V,2025-02-02,68
Doin' This,Luke Combs,2025-02-02,61
Half Of My Hometown,Kelsea Ballerini Featuring Kenny Chesney,2025-02-02,60
Poke It Out,Wale Featuring J. Cole,2025-02-02,45
I Am Woman,Emmy Meli,2025-02-02,65
Pressure,Ari Lennox,2025-02-02,47
Beers On Me,"Dierks Bentley, Breland & HARDY",2025-02-02,62
23,Sam Hunt,2025-02-02,60
Levitating,Dua Lipa,2025-02-02,74
Save Your Tears,The Weeknd & Ariana Grande,2025-02-02,76
If I Didn't Love You,Jason Aldean & Carrie Underwood,2025-02-02,63
Beggin',Maneskin,2025-02-02,81
Montero (Call Me By Your Name),Lil Nas X,2025-02-02,68
Pepas,Farruko,2025-02-02,76
Leave The Door Open,Silk Sonic (Bruno Mars & Anderson .Paak),2025-02-02,69
Chasing After You,Ryan Hurd With Maren Morris,2025-02-02,58
The Family Madrigal,"Stephanie Beatriz, Olga Merediz & Encanto Cast",2025-02-02,67
What Else Can I Do?,Diane Guerrero & Stephanie Beatriz,2025-02-02,65
Flower Shops,ERNEST Featuring Morgan Wallen,2025-02-02,71
Fingers Crossed,Lauren Spencer-Smith,2025-02-02,70
Waiting On A Miracle,Stephanie Beatriz,2025-02-02,64
Dos Oruguitas,Sebastian Yatra,2025-02-02,63
Too Easy,Gunna & Future,2025-02-02,57
Fair Trade,Drake Featuring Travis Scott,2025-02-02,78
Volvi,Aventura x Bad Bunny,2025-02-02,73
AA,Walker Hayes,2025-02-02,51
Come Through,H.E.R. Featuring Chris Brown,2025-02-02,60
Home Sweet,Russell Dickerson,2025-02-02,47
Come Back As A Country Boy,Blake Shelton,2025-02-02,45
Black Ball,YoungBoy Never Broke Again & Birdman,2025-02-02,54
Baddest,"Yung Bleu, Chris Brown & 2 Chainz",2025-02-02,47
Moth To A Flame,Swedish House Mafia & The Weeknd,2025-02-02,71
Me Or Sum,"Nardo Wick, Lil Baby & Future",2025-02-02,55
I Love You So,The Walters,2025-02-02,85
Bad Man (Smooth Criminal),Polo G,2025-02-02,59
Never Wanted To Be That Girl,Carly Pearce & Ashley McBryde,2025-02-02,47
Just About Over You,Priscilla Block,2025-02-02,46
Pushin P,Gunna & Future Featuring Young Thug,2025-02-02,67
Sacrifice,The Weeknd,2025-02-02,51
Take My Breath,The Weeknd,2025-02-02,67
Thought I Was Playing,Gunna & 21 Savage,2025-02-02,60
25k Jacket,Gunna Featuring Lil Baby,2025-02-02,58
Gasoline,The Weeknd,2025-02-02,66
Is There Someone Else?,The Weeknd,2025-02-02,80
Out Of Time,The Weeknd,2025-02-02,73
How Do I Make You Love Me?,The Weeknd,2025-02-02,63
Poochie Gown,Gunna,2025-02-02,55
Mop,Gunna Featuring Young Thug,2025-02-02,54
Alotta Cake,Gunna,2025-02-02,51
How You Did That,Gunna Featuring Kodak Black,2025-02-02,54
Here We Go... Again,"The Weeknd Featuring Tyler, The Creator",2025-02-02,59
Less Than Zero,The Weeknd,2025-02-02,71
IDK That Bitch,Gunna Featuring G Herbo,2025-02-02,58
Best Friends,The Weeknd,2025-02-02,61
Livin Wild,Gunna,2025-02-02,52
I Heard You're Married,The Weeknd Featuring Lil Wayne,2025-02-02,58
Circles Around This Town,Maren Morris,2025-02-02,44
Dawn FM,The Weeknd,2025-02-02,54
Private Island,Gunna,2025-02-02,50
South To West,Gunna,2025-02-02,63
You & Me,Gunna & Chloe,2025-02-02,49
Starry Eyes,The Weeknd,2025-02-02,38
Don't Break My Heart,The Weeknd,2025-02-02,58
Flooded,Gunna,2025-02-02,48
Die Alone,Gunna & Chris Brown Featuring Yung Bleu,2025-02-02,45
Every Angel Is Terrifying,The Weeknd,2025-02-02,51
P Power,Gunna Featuring Drake,2025-02-02,73
Eazy,The Game & Kanye West,2025-02-02,53
Cold December,Rod Wave,2025-02-02,55
Bring The Hook,YoungBoy Never Broke Again,2025-02-02,51
Iffy,Chris Brown,2025-02-02,43
Never Say Never,Cole Swindell / Lainey Wilson,2025-02-02,49
Fish Scale,YoungBoy Never Broke Again,2025-02-02,52
Trouble With A Heartbreak,Jason Aldean,2025-02-02,55
Surround Sound,JID Featuring 21 Savage & Baby Tate,2025-02-02,77
All Of You,"Stephanie Beatriz, Olga Merediz, John Leguizamo, Adassa, Maluma & Encanto Cast",2025-02-02,58
Light Switch,Charlie Puth,2025-02-02,69
No Switch,YoungBoy Never Broke Again,2025-02-02,62
Bring It On,YoungBoy Never Broke Again,2025-02-02,48
Flossin',Internet Money Featuring YoungBoy Never Broke Again,2025-02-02,50
Proud,Key Glock,2025-02-02,48
Know Like I Know,YoungBoy Never Broke Again,2025-02-02,48
2Hoo,YoungBoy Never Broke Again,2025-02-02,43
Long Live,YoungBoy Never Broke Again,2025-02-02,42
Dis & That,YoungBoy Never Broke Again,2025-02-02,51
Beautiful Lies,Yung Bleu & Kehlani,2025-02-02,56
Smoke One,YoungBoy Never Broke Again,2025-02-02,43
Rumors,Gucci Mane Featuring Lil Durk,2025-02-02,59
High,The Chainsmokers,2025-02-02,59
Johnny P's Caddy,Benny The Butcher & J. Cole,2025-02-02,59
Peru,Fireboy DML & Ed Sheeran,2025-02-02,59
Get Into It (Yuh),Doja Cat,2025-02-02,71
If I Was A Cowboy,Miranda Lambert,2025-02-02,53
Shotta Flow 6,NLE Choppa,2025-02-02,56
Vice City,XXXTENTACION,2025-02-02,68
Numb Little Bug,Em Beihold,2025-02-02,68
Infinity,Jaymes Young,2025-02-02,77
The Motto,Tiesto & Ava Max,2025-02-02,72
Megan's Piano,Megan Thee Stallion,2025-02-02,64
"Colombia, Mi Encanto",Carlos Vives,2025-02-02,57
Do We Have A Problem?,Nicki Minaj X Lil Baby,2025-02-02,50
Don't Play That,King Von & 21 Savage,2025-02-02,53
Cigarettes,Juice WRLD,2025-02-02,70
She's All I Wanna Be,Tate McRae,2025-02-02,78
Scared Money,YG Featuring J. Cole & Moneybagg Yo,2025-02-02,53
Emo Girl,Machine Gun Kelly & WILLOW,2025-02-02,61
Black Summer,Red Hot Chili Peppers,2025-02-02,59
Doja,$NOT & A$AP Rocky,2025-02-02,50
Hate Our Love,Queen Naija & Big Sean,2025-02-02,50
When I'm Gone,Alesso / Katy Perry,2025-02-02,65
MAMIII,Becky G X Karol G,2025-02-02,68
Bussin,Nicki Minaj X Lil Baby,2025-02-02,51
The Joker And The Queen,Ed Sheeran Featuring Taylor Swift,2025-02-02,62
Still D.R.E.,Dr. Dre Featuring Snoop Dogg,2025-02-02,80
Worst Day,Future,2025-02-02,55
The Next Episode,Dr. Dre Featuring Snoop Dogg,2025-02-02,79
Lose Yourself,Eminem,2025-02-02,76
City Of Gods,"Fivio Foreign, Kanye West & Alicia Keys",2025-02-02,55
Beers On Me,"Dierks Bentley, BRELAND & HARDY",2025-02-02,62
Boyfriend,Dove Cameron,2025-02-02,71
Good Morning Gorgeous,Mary J. Blige,2025-02-02,42
Closer,Saweetie Featuring H.E.R.,2025-02-02,47
Stay Alive,Jung Kook,2025-02-02,69
Nail Tech,Jack Harlow,2025-02-02,60
Ahhh Ha,Lil Durk,2025-02-02,57
Banking On Me,Gunna,2025-02-02,64
Poppin,Yeat,2025-02-02,64
Pray,Jessie Murph,2025-02-02,66
Give Heaven Some Hell,HARDY,2025-02-02,42
Freaky Deaky,Tyga X Doja Cat,2025-02-02,61
I'm Tired,Labrinth & Zendaya,2025-02-02,61
I Hate YoungBoy,YoungBoy Never Broke Again,2025-02-02,53
Usain Boo,Kodak Black,2025-02-02,44
Slow Down Summer,Thomas Rhett,2025-02-02,46
I Wish,Kodak Black,2025-02-02,49
To The Moon!,JNR CHOI & Sam Tompkins,2025-02-02,62
Rocking A Cardigan In Atlanta,Lil Shordie Scott,2025-02-02,57
Bam Bam,Camila Cabello Featuring Ed Sheeran,2025-02-02,70
Drunk (And I Don't Wanna Go Home),Elle King & Miranda Lambert,2025-02-02,62
Handsomer,Russ Featuring Ktlyn,2025-02-02,51
Publicity Stunt,Gucci Mane,2025-02-02,47
War,King Von,2025-02-02,52
Ay!,Machine Gun Kelly & Lil Wayne,2025-02-02,60
Neighborhood Superstar,DaBaby & YoungBoy Never Broke Again,2025-02-02,55
Facetime,King Von Featuring G Herbo,2025-02-02,48
Straight To It,King Von Featuring Fivio Foreign,2025-02-02,47
Evil Twins,King Von & Lil Durk,2025-02-02,58
Trust Nothing,King Von Featuring Moneybagg Yo,2025-02-02,53
Sweetest Pie,Megan Thee Stallion & Dua Lipa,2025-02-02,66
What Happened To Virgil,Lil Durk Featuring Gunna,2025-02-02,62
Petty Too,Lil Durk Featuring Future,2025-02-02,56
No Interviews,Lil Durk,2025-02-02,53
Golden Child,Lil Durk,2025-02-02,35
Thinking With My Dick,Kevin Gates Featuring Juicy J,2025-02-02,61
Something In The Way,Nirvana,2025-02-02,67
Barbarian,Lil Durk,2025-02-02,48
Shootout @ My Crib,Lil Durk,2025-02-02,43
Started From,Lil Durk,2025-02-02,45
Headtaps,Lil Durk,2025-02-02,50
Smoking & Thinking,Lil Durk,2025-02-02,50
Grow Up/Keep It On Speaker,Lil Durk,2025-02-02,40
Blocklist,Lil Durk,2025-02-02,45
Difference Is,Lil Durk Featuring Summer Walker,2025-02-02,46
Federal Nightmares,Lil Durk,2025-02-02,52
Bones,Imagine Dragons,2025-02-02,74
Pissed Me Off,Lil Durk,2025-02-02,46
Blick Blick!,Coi Leray & Nicki Minaj,2025-02-02,48
Nobody Like U,4*TOWN (From Disney And Pixar's Turning Red),2025-02-02,63
Sometimes,Juice WRLD,2025-02-02,65
Computer Murderers,Lil Durk,2025-02-02,51
Ghost Story,Carrie Underwood,2025-02-02,44
Tom's Diner,AnnenMayKantereit & Giant Rooks,2025-02-02,72
Maybe,Machine Gun Kelly & Bring Me The Horizon,2025-02-02,68
Over,Lucky Daye,2025-02-02,61
Money So Big,Yeat,2025-02-02,72
She Likes It,Russell Dickerson & Jake Scott,2025-02-02,53
IDGAF,BoyWithUke X blackbear,2025-02-02,57
Soy El Unico,Yahritza y Su Esencia,2025-02-02,59
Wasted On You,Morgan Wallen,2025-02-02,78
We Go Up,Nicki Minaj & Fivio Foreign,2025-02-02,46
Make Up Sex,Machine Gun Kelly X blackbear,2025-02-02,59
X Ultima Vez,Daddy Yankee & Bad Bunny,2025-02-02,68
Envolver,Anitta,2025-02-02,67
Chaotic,Tate McRae,2025-02-02,66
Sigue,J Balvin & Ed Sheeran,2025-02-02,55
As It Was,Harry Styles,2025-02-02,86
In My Head,Lil Tjay,2025-02-02,64
When You're Gone,Shawn Mendes,2025-02-02,67
Stick,JID & J. Cole Featuring Kenny Mason & Sheck Wes,2025-02-02,4
Damn Strait,Scotty McCreery,2025-02-02,49
Take My Name,Parmalee,2025-02-02,61
Complete Mess,5 Seconds Of Summer,2025-02-02,57
4KT Baby,YoungBoy Never Broke Again,2025-02-02,40
Blood All On It,Gucci Mane Featuring Key Glock & Young Dolph,2025-02-02,41
Desesperados,Rauw Alejandro & Chencho Corleone,2025-02-02,67
First Class,Jack Harlow,2025-02-02,74
Right On,Lil Baby,2025-02-02,60
In A Minute,Lil Baby,2025-02-02,59
London,BIA Featuring J. Cole,2025-02-02,51
Psychofreak,Camila Cabello Featuring WILLOW,2025-02-02,52
Thump Shit,42 Dugg & EST Gee,2025-02-02,53
Treat Me,Chloe,2025-02-02,52
Neck & Wrist,Pusha T Featuring JAY-Z & Pharrell Williams,2025-02-02,47
Praise The Lord,BRELAND Featuring Thomas Rhett,2025-02-02,44
Don't Think Jesus,Morgan Wallen,2025-02-02,55
About Damn Time,Lizzo,2025-02-02,72
Shake It,"Kay Flock, Cardi B, Dougie B & Bory300",2025-02-02,51
Flowers,Lauren Spencer-Smith,2025-02-02,63
GINE,6ix9ine,2025-02-02,47
Leave You Alone,Kane Brown,2025-02-02,42
Fall In Love,Bailey Zimmerman,2025-02-02,76
Thousand Miles,The Kid LAROI,2025-02-02,64
Plan B,Megan Thee Stallion,2025-02-02,58
Provenza,Karol G,2025-02-02,80
2step,Ed Sheeran Featuring Lil Baby,2025-02-02,61
Something In The Orange,Zach Bryan,2025-02-02,83
Hold That Heat,"Southside, Travis Scott & Future",2025-02-02,57
Scrape It Off,Pusha T Featuring Lil Uzi Vert & Don Toliver,2025-02-02,53
Tomorrow Me,Luke Combs,2025-02-02,46
Rock N Roll,Pusha T Featuring Kanye West & Kid Cudi,2025-02-02,49
Dreamin Of The Past,Pusha T Featuring Kanye West,2025-02-02,56
Brambleton,Pusha T,2025-02-02,47
Wait For U,Future Featuring Drake & Tems,2025-02-02,82
Puffin On Zootiez,Future,2025-02-02,77
712PM,Future,2025-02-02,61
I'm On One,Future Featuring Drake,2025-02-02,62
Love You Better,Future,2025-02-02,65
Keep It Burnin,Future Featuring Kanye West,2025-02-02,50
Massaging Me,Future,2025-02-02,59
For A Nut,Future Featuring Gunna & Young Thug,2025-02-02,45
Chickens,Future Featuring EST Gee,2025-02-02,47
Gold Stacks,Future,2025-02-02,47
Voodoo,Future Featuring Kodak Black,2025-02-02,47
Honest,Justin Bieber & Don Toliver,2025-02-02,62
We Jus Wanna Get High,Future,2025-02-02,46
Holy Ghost,Future,2025-02-02,51
Frozen,Lil Baby,2025-02-02,25
Back To The Basics,Future,2025-02-02,47
The Way Things Going,Future,2025-02-02,18
That That,PSY Featuring SUGA,2025-02-02,69
In The Stars,Benson Boone,2025-02-02,74
Love Me More,Sam Smith,2025-02-02,46
Moscow Mule,Bad Bunny,2025-02-02,79
Titi Me Pregunto,Bad Bunny,2025-02-02,80
Despues de La Playa,Bad Bunny,2025-02-02,72
Me Porto Bonito,Bad Bunny & Chencho Corleone,2025-02-02,81
Thought You Should Know,Morgan Wallen,2025-02-02,74
Party,Bad Bunny & Rauw Alejandro,2025-02-02,73
The Heart Part 5,Kendrick Lamar,2025-02-02,60
Un Ratito,Bad Bunny,2025-02-02,73
Tarot,Bad Bunny & Jhay Cortez,2025-02-02,76
Dua Lipa,Jack Harlow,2025-02-02,63
Yo No Soy Celoso,Bad Bunny,2025-02-02,73
Churchill Downs,Jack Harlow Featuring Drake,2025-02-02,66
Ojitos Lindos,Bad Bunny & Bomba Estereo,2025-02-02,81
Neverita,Bad Bunny,2025-02-02,76
La Corriente,Bad Bunny & Tony Dize,2025-02-02,73
Efecto,Bad Bunny,2025-02-02,79
Aguacero,Bad Bunny,2025-02-02,72
Dos Mil 16,Bad Bunny,2025-02-02,73
Otro Atardecer,Bad Bunny & The Marias,2025-02-02,78
This Love (Taylor's Version),Taylor Swift,2025-02-02,65
Andrea,Bad Bunny & Buscabulla,2025-02-02,75
El Apagon,Bad Bunny,2025-02-02,67
Un Verano Sin Ti,Bad Bunny,2025-02-02,74
Un Coco,Bad Bunny,2025-02-02,77
Me Fui de Vacaciones,Bad Bunny,2025-02-02,71
Ensename A Bailar,Bad Bunny,2025-02-02,75
Agosto,Bad Bunny,2025-02-02,73
Hold My Hand,Lady Gaga,2025-02-02,66
Whiskey On You,Nate Smith,2025-02-02,62
I'd Do Anything To Make You Smile,Jack Harlow,2025-02-02,50
Young Harleezy,Jack Harlow,2025-02-02,47
Poison,Jack Harlow Featuring Lil Wayne,2025-02-02,46
N95,Kendrick Lamar,2025-02-02,73
Die Hard,"Kendrick Lamar, Blxst & Amanda Reifer",2025-02-02,73
You Proof,Morgan Wallen,2025-02-02,78
Silent Hill,Kendrick Lamar & Kodak Black,2025-02-02,67
United In Grief,Kendrick Lamar,2025-02-02,73
Father Time,Kendrick Lamar Featuring Sampha,2025-02-02,69
Rich Spirit,Kendrick Lamar,2025-02-02,73
We Cry Together,Kendrick Lamar & Taylour Paige,2025-02-02,62
Worldwide Steppers,Kendrick Lamar,2025-02-02,59
Count Me Out,Kendrick Lamar,2025-02-02,74
Purple Hearts,"Kendrick Lamar, Summer Walker & Ghostface Killah",2025-02-02,62
Savior,"Kendrick Lamar, Baby Keem, & Sam Dew",2025-02-02,64
Cooped Up,Post Malone Featuring Roddy Ricch,2025-02-02,57
Rich (Interlude),Kendrick Lamar,2025-02-02,19
Mr. Morale,Kendrick Lamar & Tanna Leone,2025-02-02,30
Crown,Kendrick Lamar,2025-02-02,58
Auntie Diaries,Kendrick Lamar,2025-02-02,56
Savior (Interlude),Kendrick Lamar,2025-02-02,20
Mirror,Kendrick Lamar,2025-02-02,62
Mother I Sober,Kendrick Lamar Featuring Beth Gibbons,2025-02-02,57
Late Night Talking,Harry Styles,2025-02-02,76
Music For A Sushi Restaurant,Harry Styles,2025-02-02,69
Matilda,Harry Styles,2025-02-02,76
Daylight,Harry Styles,2025-02-02,69
Little Freak,Harry Styles,2025-02-02,71
Grapejuice,Harry Styles,2025-02-02,65
Satellite,Harry Styles,2025-02-02,72
Cinema,Harry Styles,2025-02-02,66
Daydreaming,Harry Styles,2025-02-02,66
Keep Driving,Harry Styles,2025-02-02,74
Love Of My Life,Harry Styles,2025-02-02,68
Boyfriends,Harry Styles,2025-02-02,63
Like I Love Country Music,Kane Brown,2025-02-02,59
DFMU,Ella Mai,2025-02-02,59
Running Up That Hill (A Deal With God),Kate Bush,2025-02-02,78
True Love,Kanye West & XXXTENTACION,2025-02-02,73
Sleazy Flow,SleazyWorld Go Featuring Lil Baby,2025-02-02,60
See Wat I'm Sayin,Moneybagg Yo,2025-02-02,52
Die Young,Sleepy Hallow Featuring 347aidan,2025-02-02,61
Potion,"Calvin Harris, Dua Lipa & Young Thug",2025-02-02,61
She Had Me At Heads Carolina,Cole Swindell,2025-02-02,69
Sunroof,Nicky Youre & dazy,2025-02-02,61
F.N.F. (Let's Go),Hitkidd & Glorilla,2025-02-02,56
Wild Hearts,Keith Urban,2025-02-02,50
Last Night Lonely,Jon Pardi,2025-02-02,65
7500 OBO,Tim McGraw,2025-02-02,53
Until I Found You,Stephen Sanchez,2025-02-02,76
I Like You (A Happier Song),Post Malone Featuring Doja Cat,2025-02-02,75
Distraction,Polo G,2025-02-02,56
I Cannot Be (A Sadder Song),Post Malone Featuring Gunna,2025-02-02,55
Wrapped Around Your Finger,Post Malone,2025-02-02,64
Lemon Tree,Post Malone,2025-02-02,56
Reputation,Post Malone,2025-02-02,53
Wasting Angels,Post Malone Featuring The Kid LAROI,2025-02-02,58
Insane,Post Malone,2025-02-02,51
Love/Hate Letter To Alcohol,Post Malone Featuring Fleet Foxes,2025-02-02,51
Vegas,Doja Cat,2025-02-02,55
Te Felicito,Shakira & Rauw Alejandro,2025-02-02,69
When I'm Alone,Post Malone,2025-02-02,51
Euthanasia,Post Malone,2025-02-02,46
Glimpse Of Us,Joji,2025-02-02,80
Yet To Come,BTS,2025-02-02,66
Rock And A Hard Place,Bailey Zimmerman,2025-02-02,79
Cash In Cash Out,"Pharrell Williams Featuring 21 Savage & Tyler, The Creator",2025-02-02,65
So Good,Halsey,2025-02-02,57
Run BTS,BTS,2025-02-02,73
I Ain't Worried,OneRepublic,2025-02-02,80
5 Foot 9,Tyler Hubbard,2025-02-02,63
New Truck,Dylan Scott,2025-02-02,50
Jimmy Cooks,Drake Featuring 21 Savage,2025-02-02,79
Sticky,Drake,2025-02-02,68
Falling Back,Drake,2025-02-02,57
Texts Go Green,Drake,2025-02-02,59
Massive,Drake,2025-02-02,67
Break My Soul,Beyonce,2025-02-02,65
The Kind Of Love We Make,Luke Combs,2025-02-02,66
Calling My Name,Drake,2025-02-02,56
A Keeper,Drake,2025-02-02,62
Currents,Drake,2025-02-02,56
Flight's Booked,Drake,2025-02-02,65
Overdrive,Drake,2025-02-02,55
Liability,Drake,2025-02-02,55
U-Digg,"Lil Baby, 42 Dugg & Veeze",2025-02-02,55
Down Hill,Drake,2025-02-02,51
Tie That Binds,Drake,2025-02-02,53
Wild As Her,Corey Kent,2025-02-02,57
Left And Right,Charlie Puth Featuring Jung Kook,2025-02-02,67
Carolina,Taylor Swift,2025-02-02,61
Late To Da Party (F*CK BET),Lil Nas X & Youngboy Never Broke Again,2025-02-02,49
From The D 2 The LBC,Eminem & Snoop Dogg,2025-02-02,59
Psychic,Chris Brown Featuring Jack Harlow,2025-02-02,47
WE (Warm Embrace),Chris Brown,2025-02-02,46
Burglars & Murderers,Lil Durk Featuring EST Gee,2025-02-02,45
Addicted,Chris Brown Featuring Lil Baby,2025-02-02,50
Did Shit To Me,Lil Durk Featuring Doodie Lo,2025-02-02,42
Possessive,Chris Brown Featuring Lil Wayne & BLEU,2025-02-02,47
Hot Shit,"Cardi B, Ye & Lil Durk",2025-02-02,55
Master Of Puppets,Metallica,2025-02-02,70
Son Of A Sinner,Jelly Roll,2025-02-02,70
Good Love,City Girls & Usher,2025-02-02,43
Wishful Drinking,Ingrid Andress With Sam Hunt,2025-02-02,53
Country On,Luke Bryan,2025-02-02,49
More,j-hope,2025-02-02,69
Numb,Marshmello & Khalid,2025-02-02,72
Best Thing Since Backroads,Jake Owen,2025-02-02,49
Unstoppable,Sia,2025-02-02,77
Rich Minion,Yeat,2025-02-02,48
Bad Habit,Steve Lacy,2025-02-02,81
All Mine,Brent Faiyaz,2025-02-02,76
Loose Change,Brent Faiyaz,2025-02-02,35
Price Of Fame,Brent Faiyaz,2025-02-02,56
Betty (Get Money),Yung Gravy,2025-02-02,61
Gravity,"Brent Faiyaz & DJ Dahi Featuring Tyler, The Creator",2025-02-02,58
Rolling Stone,Brent Faiyaz,2025-02-02,70
Last Last,Burna Boy,2025-02-02,66
Ghetto Gatsby,Brent Faiyaz Featuring Alicia Keys,2025-02-02,56
Heal Your Heart (Interlude),Brent Faiyaz,2025-02-02,56
FYTB,Brent Faiyaz Featuring Joony,2025-02-02,53
Wasting Time,Brent Faiyaz Featuring Drake,2025-02-02,55
2 Be Loved (Am I Ready),Lizzo,2025-02-02,66
Truth About You,Mitchell Tenpenny,2025-02-02,53
Free Mind,Tems,2025-02-02,72
At The End Of A Bar,Chris Young With Mitchell Tenpenny,2025-02-02,49
Arson,j-hope,2025-02-02,65
Pick Me Up,Gabby Barrett,2025-02-02,52
TV,Billie Eilish,2025-02-02,82
Pressurelicious,Megan Thee Stallion Featuring Future,2025-02-02,47
Progress,John Rich,2025-02-02,28
The 30th,Billie Eilish,2025-02-02,72
With A Woman You Love,Justin Moore,2025-02-02,45
Love Lost,Mac Miller,2025-02-02,76
Vette Motors,YoungBoy Never Broke Again,2025-02-02,61
Are You Entertained,Russ & Ed Sheeran,2025-02-02,57
"Bzrp Music Sessions, Vol. 52",Bizarrap & Quevedo,2025-02-02,79
Cuff It,Beyonce,2025-02-02,74
Alien Superstar,Beyonce,2025-02-02,65
Church Girl,Beyonce,2025-02-02,58
I'm That Girl,Beyonce,2025-02-02,62
Energy,Beyonce Featuring BEAM,2025-02-02,64
Cozy,Beyonce,2025-02-02,62
Plastic Off The Sofa,Beyonce,2025-02-02,59
Virgo's Groove,Beyonce,2025-02-02,61
Summer Renaissance,Beyonce,2025-02-02,59
Never Sleep,"NAV, Travis Scott & Lil Baby",2025-02-02,57
Heated,Beyonce,2025-02-02,65
Thique,Beyonce,2025-02-02,58
Move,Beyonce Featuring Grace Jones & Tems,2025-02-02,60
Pure/Honey,Beyonce,2025-02-02,62
America Has A Problem,Beyonce,2025-02-02,61
All Up In Your Mind,Beyonce,2025-02-02,57
Victoria’s Secret,Jax,2025-02-02,61
Dah Dah DahDah,Nardo Wick,2025-02-02,65
Staying Alive,DJ Khaled Featuring Drake & Lil Baby,2025-02-02,55
Bad Decisions,"benny blanco, BTS & Snoop Dogg",2025-02-02,64
Umm Hmm,YoungBoy Never Broke Again,2025-02-02,50
I Know,YoungBoy Never Broke Again,2025-02-02,58
Home Ain't Home,YoungBoy Never Broke Again Featuring Rod Wave,2025-02-02,59
Fuck Da Industry,YoungBoy Never Broke Again,2025-02-02,48
Free Dem 5's,YoungBoy Never Broke Again,2025-02-02,43
Lost Soul Survivor,YoungBoy Never Broke Again,2025-02-02,46
Hold Your Own,YoungBoy Never Broke Again,2025-02-02,40
Top Sound,YoungBoy Never Broke Again,2025-02-02,45
Kamikaze,YoungBoy Never Broke Again,2025-02-02,45
My Time,YoungBoy Never Broke Again,2025-02-02,42
Big 14,"Trippie Redd, Moneybagg Yo & Offset",2025-02-02,48
Despecha,Rosalia,2025-02-02,71
7 Days,YoungBoy Never Broke Again,2025-02-02,41
Super Freaky Girl,Nicki Minaj,2025-02-02,67
Alone,Rod Wave,2025-02-02,49
Yungen,Rod Wave Featuring Jack Harlow,2025-02-02,52
Never Get Over Me,Rod Wave,2025-02-02,51
Sweet Little Lies,Rod Wave,2025-02-02,59
Forever,Rod Wave,2025-02-02,52
Her,Megan Thee Stallion,2025-02-02,62
Stone Rolling,Rod Wave,2025-02-02,38
No Deal,Rod Wave,2025-02-02,53
I Know It,Rod Wave,2025-02-02,47
Ungrateful,Megan Thee Stallion Featuring Key Glock,2025-02-02,56
Pieces,Rod Wave,2025-02-02,53
Budget,Megan Thee Stallion Featuring Latto,2025-02-02,54
Rockstar Heart,Rod Wave,2025-02-02,47
Time Kills (Love Birds),Rod Wave,2025-02-02,48
Fading,Rod Wave,2025-02-02,47
What My World Spins Around,Jordan Davis,2025-02-02,71
Pink Venom,BLACKPINK,2025-02-02,63
Where It Ends,Bailey Zimmerman,2025-02-02,75
Die For You,The Weeknd,2025-02-02,67
54321,Offset,2025-02-02,46
Don't Come Lookin',Jackson Dean,2025-02-02,50
Half Of Me,Thomas Rhett Featuring Riley Green,2025-02-02,63
29,Demi Lovato,2025-02-02,50
Snap,Rosa Linn,2025-02-02,79
Soul,Lee Brice,2025-02-02,45
La Bachata,Manuel Turizo,2025-02-02,76
Hold Me Closer,Elton John & Britney Spears,2025-02-02,70
God Did,"DJ Khaled Featuring Rick Ross, Lil Wayne, JAY-Z, John Legend & Fridayy",2025-02-02,57
Beautiful,DJ Khaled Featuring Future & SZA,2025-02-02,55
Big Time,DJ Khaled Featuring Future & Lil Baby,2025-02-02,46
Beat The Odds,Lil Tjay,2025-02-02,61
Gatubela,Karol G x Maldy,2025-02-02,67
Juice WRLD Did,DJ Khaled Featuring Juice WRLD,2025-02-02,54
Keep Going,"DJ Khaled Featuring Lil Durk, 21 Savage & Roddy Ricch",2025-02-02,44
Party,DJ Khaled Featuring Quavo & Takeoff,2025-02-02,46
Golden Hour,JVKE,2025-02-02,74
It Ain't Safe,DJ Khaled Featuring Nardo Wick & Kodak Black,2025-02-02,45
No Secret,DJ Khaled Featuring Drake,2025-02-02,41
I'm Good (Blue),David Guetta & Bebe Rexha,2025-02-02,84
Let's Pray,DJ Khaled Featuring Don Toliver & Travis Scott,2025-02-02,53
Wait In The Truck,HARDY Featuring Lainey Wilson,2025-02-02,68
Detox,Lil Baby,2025-02-02,52
Talk,Yeat,2025-02-02,59
Romantic Homicide,d4vd,2025-02-02,84
Calm Down,Rema & Selena Gomez,2025-02-02,69
Static,Steve Lacy,2025-02-02,72
Billie Eilish.,Armani White,2025-02-02,64
Sin Fin,Romeo Santos & Justin Timberlake,2025-02-02,54
Thank God,Kane Brown With Katelyn Brown,2025-02-02,68
Under The Influence,Chris Brown,2025-02-02,83
Put It On Me,YoungBoy Never Broke Again,2025-02-02,57
Freestyle,Lil Baby,2025-02-02,76
Flawless,Yeat Featuring Lil Uzi Vert,2025-02-02,70
Mary On A Cross,Ghost,2025-02-02,76
Purge Me,YoungBoy Never Broke Again,2025-02-02,46
"Burn, Burn, Burn",Zach Bryan,2025-02-02,78
Shut Down,BLACKPINK,2025-02-02,65
Evergreen,Omar Apollo,2025-02-02,75
Hell Yeah,Little Big Town,2025-02-02,37
Dark Red,Steve Lacy,2025-02-02,84
Backstage Passes,EST Gee Featuring Jack Harlow,2025-02-02,51
Unholy,Sam Smith & Kim Petras,2025-02-02,76
Tomorrow 2,GloRilla & Cardi B,2025-02-02,69
Star Walkin' (League Of Legends Worlds Anthem),Lil Nas X,2025-02-02,69
Out In The Middle,Zac Brown Band,2025-02-02,39
Blow,Moneybagg Yo,2025-02-02,49
World's Smallest Violin,AJR,2025-02-02,62
No Se Va,Grupo Frontera,2025-02-02,64
Down Home,Jimmie Allen,2025-02-02,46
Toxic,YG,2025-02-02,51
Tennessee Orange,Megan Moroney,2025-02-02,63
Gotta Move On,Diddy & Bryson Tiller,2025-02-02,49
Forget Me,Lewis Capaldi,2025-02-02,72
What He Didn't Do,Carly Pearce,2025-02-02,66
Poland,Lil Yachty,2025-02-02,59
Heyy,Lil Baby,2025-02-02,51
To The Bone,"Quavo, Takeoff & YoungBoy Never Broke Again",2025-02-02,57
Lokera,"Rauw Alejandro, Lyanno & Brray",2025-02-02,79
Walk,Kodak Black,2025-02-02,56
California Breeze,Lil Baby,2025-02-02,64
Forever,Lil Baby Featuring Fridayy,2025-02-02,64
Real Spill,Lil Baby,2025-02-02,60
Pop Out,Lil Baby & Nardo Wick,2025-02-02,56
Never Hating,Lil Baby & Young Thug,2025-02-02,60
Stand On It,Lil Baby,2025-02-02,56
Not Finished,Lil Baby,2025-02-02,60
Perfect Timing,Lil Baby,2025-02-02,51
From Now On,Lil Baby Featuring Future,2025-02-02,54
Waterfall Flow,Lil Baby,2025-02-02,49
Everything,Lil Baby,2025-02-02,48
Bye Bye,Marshmello & Juice WRLD,2025-02-02,65
Double Down,Lil Baby,2025-02-02,52
Cost To Be Alive,Lil Baby & Rylo Rodriguez,2025-02-02,49
Shiest Talk,Lil Baby Featuring Pooh Shiesty,2025-02-02,51
Edging,Blink-182,2025-02-02,55
Top Priority,Lil Baby,2025-02-02,50
Back And Forth,Lil Baby & EST Gee,2025-02-02,23
Danger,Lil Baby,2025-02-02,48
Russian Roulette,Lil Baby,2025-02-02,51
FR,Lil Baby,2025-02-02,76
No Fly Zone,Lil Baby,2025-02-02,45
Stop Playin,Lil Baby Featuring Jeremih,2025-02-02,45
Just Wanna Rock,Lil Uzi Vert,2025-02-02,71
Anti-Hero,Taylor Swift,2025-02-02,80
Lavender Haze,Taylor Swift,2025-02-02,73
Maroon,Taylor Swift,2025-02-02,70
Snow On The Beach,Taylor Swift Featuring Lana Del Rey,2025-02-02,70
Midnight Rain,Taylor Swift,2025-02-02,74
Bejeweled,Taylor Swift,2025-02-02,73
Question...?,Taylor Swift,2025-02-02,64
"You're On Your Own, Kid",Taylor Swift,2025-02-02,76
Karma,Taylor Swift,2025-02-02,75
Vigilante Shit,Taylor Swift,2025-02-02,70
Mastermind,Taylor Swift,2025-02-02,69
Labyrinth,Taylor Swift,2025-02-02,69
Sweet Nothing,Taylor Swift,2025-02-02,67
"Would've, Could've, Should've",Taylor Swift,2025-02-02,65
Bigger Than The Whole Sky,Taylor Swift,2025-02-02,64
The Great War,Taylor Swift,2025-02-02,66
Paris,Taylor Swift,2025-02-02,62
High Infidelity,Taylor Swift,2025-02-02,61
Glitch,Taylor Swift,2025-02-02,60
Dear Reader,Taylor Swift,2025-02-02,61
Monotonia,Shakira + Ozuna,2025-02-02,68
Made You Look,Meghan Trainor,2025-02-02,78
Miss You,Oliver Tree & Robin Schulz,2025-02-02,55
Lift Me Up,Rihanna,2025-02-02,68
Shirt,SZA,2025-02-02,75
In My Head,Juice WRLD,2025-02-02,66
Thriller,Michael Jackson,2025-02-02,67
Ghostbusters,Ray Parker Jr.,2025-02-02,63
The Astronaut,JIN,2025-02-02,73
Ain't Safe,Trippie Redd & Don Toliver,2025-02-02,48
300 Blackout,Kodak Black,2025-02-02,47
Rich Flex,Drake & 21 Savage,2025-02-02,75
Major Distribution,Drake & 21 Savage,2025-02-02,64
On BS,Drake & 21 Savage,2025-02-02,69
Spin Bout U,Drake & 21 Savage,2025-02-02,74
Pussy & Millions,Drake & 21 Savage Featuring Travis Scott,2025-02-02,70
Privileged Rappers,Drake & 21 Savage,2025-02-02,67
Circo Loco,Drake & 21 Savage,2025-02-02,67
BackOutsideBoyz,Drake,2025-02-02,62
Hours In Silence,Drake & 21 Savage,2025-02-02,71
Broke Boys,Drake & 21 Savage,2025-02-02,63
Treacherous Twins,Drake & 21 Savage,2025-02-02,60
Middle Of The Ocean,Drake,2025-02-02,60
Jumbotron Shit Poppin,Drake,2025-02-02,64
More M’s,Drake & 21 Savage,2025-02-02,61
I Guess It's Fuck Me,Drake,2025-02-02,62
3AM On Glenwood,21 Savage,2025-02-02,54
Die For You,Joji,2025-02-02,74
My Mind & Me,Selena Gomez,2025-02-02,59
Heart Like A Truck,Lainey Wilson,2025-02-02,70
Break My Heart,Rod Wave,2025-02-02,46
"Going, Going, Gone",Luke Combs,2025-02-02,77
Down In Atlanta,Pharrell Williams & Travis Scott,2025-02-02,60
Got It Right,Rod Wave,2025-02-02,47
Here Comes Santa Claus (Right Down Santa Claus Lane),Gene Autry,2025-02-02,75
Blue Christmas,Elvis Presley,2025-02-02,77
Last Christmas,Lauren Spencer-Smith,2025-02-02,37
Someday At Christmas,Lizzo,2025-02-02,44
Creepin',"Metro Boomin, The Weeknd & 21 Savage",2025-02-02,81
Superhero (Heroes & Villains),"Metro Boomin, Future & Chris Brown",2025-02-02,79
Too Many Nights,Metro Boomin Featuring Don Toliver & Future,2025-02-02,82
Umbrella,"Metro Boomin, 21 Savage & Young Nudy",2025-02-02,66
Niagara Falls (Foot Or 2),"Metro Boomin, Travis Scott & 21 Savage",2025-02-02,73
Raindrops (Insane),Metro Boomin & Travis Scott,2025-02-02,71
One Thing At A Time,Morgan Wallen,2025-02-02,59
Trance,"Metro Boomin, Travis Scott & Young Thug",2025-02-02,82
Metro Spider,Metro Boomin & Young Thug,2025-02-02,64
On Time,Metro Boomin & John Legend,2025-02-02,61
Tennessee Fan,Morgan Wallen,2025-02-02,53
Walk Em Down (Don't Kill Civilians),Metro Boomin & 21 Savage Featuring Mustafa,2025-02-02,63
Around Me,Metro Boomin Featuring Don Toliver,2025-02-02,77
I Can't Save You (Interlude),Metro Boomin & Future Featuring Don Toliver,2025-02-02,71
Days That End In Why,Morgan Wallen,2025-02-02,50
Feel The Fiyaaaah,Metro Boomin & A$AP Rocky Featuring Takeoff,2025-02-02,65
Victoria's Secret,Jax,2025-02-02,61
All The Money,Metro Boomin & Gunna,2025-02-02,61
La Jumpa,Arcangel & Bad Bunny,2025-02-02,70
Lock On Me,"Metro Boomin, Travis Scott & Future",2025-02-02,61
Wild Flower,RM With Youjeen,2025-02-02,73
"Santa, Can't You Hear Me",Kelly Clarkson & Ariana Grande,2025-02-02,75
Blue Christmas,Kane Brown,2025-02-02,39
Escapism,RAYE Featuring 070 Shake,2025-02-02,72
Kill Bill,SZA,2025-02-02,77
Nobody Gets Me,SZA,2025-02-02,85
Blind,SZA,2025-02-02,73
Low,SZA,2025-02-02,79
Love Language,SZA,2025-02-02,69
Seek & Destroy,SZA,2025-02-02,66
Snooze,SZA,2025-02-02,86
Used,SZA Featuring Don Toliver,2025-02-02,63
SOS,SZA,2025-02-02,69
Special,SZA,2025-02-02,70
Ghost In The Machine,SZA Featuring Phoebe Bridgers,2025-02-02,71
Gone Girl,SZA,2025-02-02,64
Notice Me,SZA,2025-02-02,62
Smoking On My Ex Pack,SZA,2025-02-02,61
Open Arms,SZA Featuring Travis Scott,2025-02-02,75
F2F,SZA,2025-02-02,71
Conceited,SZA,2025-02-02,62
Far,SZA,2025-02-02,64
Too Late,SZA,2025-02-02,59
Forgiveless,SZA Featuring Ol' Dirty Bastard,2025-02-02,60
Water (Drowning Pt. 2),A Boogie Wit da Hoodie Featuring Kodak Black,2025-02-02,42
Happy Xmas (War Is Over),John & Yoko/The Plastic Ono Band With The Harlem Community Choir,2025-02-02,79
This Christmas,Donny Hathaway,2025-02-02,70
Face 2 Face,Juice WRLD,2025-02-02,60
Kid On Christmas,Pentatonix Featuring Meghan Trainor,2025-02-02,56
(There's No Place Like) Home For The Holidays (1959),Perry Como With Mitchell Ayers And His Orchestra,2025-02-02,64
Gato de Noche,Nengo Flow & Bad Bunny,2025-02-02,67
Que Vuelvas,Carin Leon X Grupo Frontera,2025-02-02,71
Bebe Dame,Fuerza Regida X Grupo Frontera,2025-02-02,68
Bloody Mary,Lady Gaga,2025-02-02,66
Handle On You,Parker McCollum,2025-02-02,56
The Color Violet,Tory Lanez,2025-02-02,83
Here With Me,d4vd,2025-02-02,84
Shut Up My Moms Calling,Hotel Ugly,2025-02-02,84
Players,Coi Leray,2025-02-02,68
Sure Thing,Miguel,2025-02-02,84
Black,YoungBoy Never Broke Again,2025-02-02,41
Ditto,NewJeans,2025-02-02,77
That's What Tequila Does,Jason Aldean,2025-02-02,49
You Didn't,Brett Young,2025-02-02,56
Flowers,Miley Cyrus,2025-02-02,86
"Bzrp Music Sessions, Vol. 53",Bizarrap & Shakira,2025-02-02,76
On Wat U On,Moneybagg Yo x GloRilla,2025-02-02,50
Nonsense,Sabrina Carpenter,2025-02-02,76
Vibe,TAEYANG Featuring Jimin,2025-02-02,53
OMG,NewJeans,2025-02-02,77
Human,Cody Johnson,2025-02-02,64
Heart To Heart,Mac DeMarco,2025-02-02,81
King Snipe,Gucci Mane & Kodak Black,2025-02-02,50
Knight Crawler,Trippie Redd & Juice WRLD,2025-02-02,50
Red,HARDY Featuring Morgan Wallen,2025-02-02,67
10:35,Tiesto Featuring Tate McRae,2025-02-02,72
I Wish You Roses,Kali Uchis,2025-02-02,68
Gangsta Boo,Ice Spice & Lil Tjay,2025-02-02,55
Moonlight Sunrise,TWICE,2025-02-02,59
Fully Loaded,"Trippie Redd, Future & Lil Baby",2025-02-02,45
Krzy Train,Trippie Redd & Travis Scott,2025-02-02,36
Next Thing You Know,Jordan Davis,2025-02-02,62
AMG,"Gabito Ballesteros, Peso Pluma & Natanael Cano",2025-02-02,69
Do It Again,NLE Choppa & 2Rare,2025-02-02,61
Back End,Finesse2Tymes,2025-02-02,44
Spit In My Face!,ThxSoMch,2025-02-02,78
Last Night,Morgan Wallen,2025-02-02,75
Love Again,The Kid LAROI,2025-02-02,63
Dawns,Zach Bryan Featuring Maggie Rogers,2025-02-02,74
I Wrote The Book,Morgan Wallen,2025-02-02,52
Everything I Love,Morgan Wallen,2025-02-02,57
Growin' Up And Gettin' Old,Luke Combs,2025-02-02,62
I'm Not Here To Make Friends,Sam Smith,2025-02-02,62
The Black Seminole.,Lil Yachty,2025-02-02,55
Fin de Semana,Junior H X Oscar Maydon,2025-02-02,77
Hey Mor,Ozuna Featuring Feid,2025-02-02,64
Never Gonna Not Dance Again,P!nk,2025-02-02,64
Dancin' In The Country,Tyler Hubbard,2025-02-02,57
"Boy's A Liar, Pt. 2",PinkPantheress & Ice Spice,2025-02-02,71
X Si Volvemos,Karol G x Romeo Santos,2025-02-02,76
PRC,Peso Pluma X Natanael Cano,2025-02-02,70
Watch The World Burn,Falling In Reverse,2025-02-02,66
In Ha Mood,Ice Spice,2025-02-02,64
Yandel 150,Yandel & Feid,2025-02-02,68
Love You Anyway,Luke Combs,2025-02-02,68
Umbrella,Rihanna Featuring Jay-Z,2025-02-02,81
Lost,Linkin Park,2025-02-02,68
Diamonds,Rihanna,2025-02-02,70
We Found Love,Rihanna Featuring Calvin Harris,2025-02-02,81
Special,Lizzo Featuring SZA,2025-02-02,53
Fix'n To Break,Bailey Zimmerman,2025-02-02,60
Painting Pictures,Superstar Pride,2025-02-02,62
Hope,NF,2025-02-02,66
Favorite Song,Toosii,2025-02-02,45
Heaven,Niall Horan,2025-02-02,70
No Time Wasted,Polo G & Future,2025-02-02,51
Ceilings,Lizzy McAlpine,2025-02-02,79
Lottery,Latto Featuring LU KALA,2025-02-02,57
Trustfall,P!nk,2025-02-02,66
Slut Me Out,NLE Choppa,2025-02-02,48
Gold,Dierks Bentley,2025-02-02,47
TQG,Karol G x Shakira,2025-02-02,65
Kant Nobody,Lil Wayne Featuring DMX,2025-02-02,45
Mientras Me Curo del Cora,Karol G,2025-02-02,78
Gucci Los Panos,Karol G,2025-02-02,66
Private Landing,Don Toliver Featuring Justin Bieber & Future,2025-02-02,76
Tus Gafitas,Karol G,2025-02-02,64
No More Talk,Yeat,2025-02-02,58
Split,Yeat,2025-02-02,59
Cairo,Karol G & Ovy On The Drums,2025-02-02,72
Shmunk,Yeat Featuring YoungBoy Never Broke Again,2025-02-02,51
Pero Tu,Karol G & Quevedo,2025-02-02,57
Dirt,Key Glock,2025-02-02,41
Joe,Luke Combs,2025-02-02,52
Ojos Ferrari,"Karol G, Justin Quiles & Angel Dior",2025-02-02,49
Besties,Karol G,2025-02-02,62
Manana Sera Bonito,Karol G & Carla Morrison,2025-02-02,68
Die 4 Me,Halsey,2025-02-02,56
Thinkin' Bout Me,Morgan Wallen,2025-02-02,80
Ain't That Some,Morgan Wallen,2025-02-02,74
Red Ruby Da Sleeze,Nicki Minaj,2025-02-02,58
Man Made A Bar,Morgan Wallen Featuring Eric Church,2025-02-02,72
'98 Braves,Morgan Wallen,2025-02-02,66
Devil Don't Know,Morgan Wallen,2025-02-02,58
Sunrise,Morgan Wallen,2025-02-02,68
Born With A Beer In My Hand,Morgan Wallen,2025-02-02,58
Whiskey Friends,Morgan Wallen,2025-02-02,61
Tennessee Numbers,Morgan Wallen,2025-02-02,58
Cowgirls,Morgan Wallen Featuring ERNEST,2025-02-02,82
Hope That's True,Morgan Wallen,2025-02-02,57
Dying Man,Morgan Wallen,2025-02-02,58
Keith Whitley,Morgan Wallen,2025-02-02,56
In The Bible,Morgan Wallen Featuring HARDY,2025-02-02,61
Neon Star (Country Boy Lullaby),Morgan Wallen,2025-02-02,61
Me + All Your Reasons,Morgan Wallen,2025-02-02,60
I Deserve A Drink,Morgan Wallen,2025-02-02,63
F150-50,Morgan Wallen,2025-02-02,59
Single Than She Was,Morgan Wallen,2025-02-02,59
Wine Into Water,Morgan Wallen,2025-02-02,58
On The Street,j-hope With J. Cole,2025-02-02,66
180 (Lifestyle),Morgan Wallen,2025-02-02,63
Last Drive Down Main,Morgan Wallen,2025-02-02,58
Good Girl Gone Missin',Morgan Wallen,2025-02-02,60
Me To Me,Morgan Wallen,2025-02-02,61
Money On Me,Morgan Wallen,2025-02-02,55
Had It,Morgan Wallen,2025-02-02,56
Outlook,Morgan Wallen,2025-02-02,57
River,Miley Cyrus,2025-02-02,60
Jaded,Miley Cyrus,2025-02-02,66
Thousand Miles,Miley Cyrus Featuring Brandi Carlile,2025-02-02,57
Rose Colored Lenses,Miley Cyrus,2025-02-02,58
Por Las Noches,Peso Pluma,2025-02-02,73
All Of The Girls You Loved Before,Taylor Swift,2025-02-02,72
Ella Baila Sola,Eslabon Armado X Peso Pluma,2025-02-02,75
"Set Me Free, Pt. 2",Jimin,2025-02-02,67
5 Leaf Clover,Luke Combs,2025-02-02,63
Eat Your Young,Hozier,2025-02-02,65
La Bebe,Yng Lvcas x Peso Pluma,2025-02-02,78
El Gordo Trae El Mando,Chino Pacas,2025-02-02,57
Coco Chanel,Eladio Carrion & Bad Bunny,2025-02-02,72
ICU,Coco Jones,2025-02-02,64
Moonlight,Kali Uchis,2025-02-02,74
Death,Melanie Martinez,2025-02-02,57
Nasty,Russ,2025-02-02,58
Cupid,Fifty Fifty,2025-02-02,60
Like Crazy,Jimin,2025-02-02,74
Eyes Closed,Ed Sheeran,2025-02-02,71
Fast Car,Luke Combs,2025-02-02,82
Low Down,Lil Baby,2025-02-02,71
Beso,Rosalia & Rauw Alejandro,2025-02-02,74
Don't Play With It,Lola Brooke X Latto X Yung Miami Or Featuring Billy B,2025-02-02,51
Dogtooth,"Tyler, The Creator",2025-02-02,69
The Light,Juice WRLD,2025-02-02,62
Ch y La Pizza,Fuerza Regida X Natanael Cano,2025-02-02,66
Memory Lane,Old Dominion,2025-02-02,62
Fight The Feeling,Rod Wave,2025-02-02,63
Sorry Not Sorry,"Tyler, The Creator",2025-02-02,66
Void,Melanie Martinez,2025-02-02,53
Need A Favor,Jelly Roll,2025-02-02,73
WHARF TALK,"Tyler, The Creator Featuring A$AP Rocky",2025-02-02,63
I Know,Kanii,2025-02-02,65
Hot Boy,Nardo Wick Featuring Lil Baby,2025-02-02,56
Search & Rescue,Drake,2025-02-02,71
Happy,NF,2025-02-02,70
Strike (Holster),Lil Yachty,2025-02-02,62
Peaches,Jack Black,2025-02-02,64
Careful,NF & Cordae,2025-02-02,63
El Azul,Junior H x Peso Pluma,2025-02-02,80
Never Felt So Alone,Labrinth,2025-02-02,67
WTF,YoungBoy Never Broke Again Featuring Nicki Minaj,2025-02-02,40
Princess Diana,Ice Spice & Nicki Minaj,2025-02-02,67
Chemical,Post Malone,2025-02-02,74
Un x100to,Grupo Frontera X Bad Bunny,2025-02-02,75
Daylight,David Kushner,2025-02-02,81
See You Again,"Tyler, The Creator Featuring Kali Uchis",2025-02-02,89
Chanel,Becky G & Peso Pluma,2025-02-02,65
Igualito A Mi Apa,Fuerza Regida & Peso Pluma,2025-02-02,71
Di Que Si,Grupo Marca Registrada X Grupo Frontera,2025-02-02,64
It Matters To Her,Scotty McCreery,2025-02-02,55
Double Fantasy,The Weeknd Featuring Future,2025-02-02,69
Alone,Kim Petras Featuring Nicki Minaj,2025-02-02,55
Haegeum,Agust D,2025-02-02,83
Fragil,Yahritza y Su Esencia x Grupo Frontera,2025-02-02,68
Big Truck,YoungBoy Never Broke Again,2025-02-02,49
They Don't Love It,Jack Harlow,2025-02-02,63
Wreckage,Nate Smith,2025-02-02,53
Waffle House,Jonas Brothers,2025-02-02,63
People,Libianca,2025-02-02,76
Common Ground,Jack Harlow,2025-02-02,56
Area Codes,Kali,2025-02-02,69
Go Hard,Lil Baby,2025-02-02,60
Religiously,Bailey Zimmerman,2025-02-02,76
Mejor Que Yo,"Anuel AA, Mambo Kingz & DJ Luian",2025-02-02,59
"You, Me, & Whiskey",Justin Moore & Priscilla Block,2025-02-02,51
Mathematical Disrespect,Lil Mabu,2025-02-02,58
Shake Sumn,DaBaby,2025-02-02,58
Curtains,Ed Sheeran,2025-02-02,58
What It Is (Block Boy),Doechii Featuring Kodak Black,2025-02-02,64
All My Life,Lil Durk Featuring J. Cole,2025-02-02,68
Bitch Let's Do It,YoungBoy Never Broke Again,2025-02-02,60
Life Goes On,Ed Sheeran Featuring Luke Combs,2025-02-02,64
Acrostico,Shakira,2025-02-02,64
Bury Me In Georgia,Kane Brown,2025-02-02,57
Everything She Ain't,Hailey Whitters,2025-02-02,63
Your Heart Or Mine,Jon Pardi,2025-02-02,68
I Heard,YoungBoy Never Broke Again,2025-02-02,46
Where She Goes,Bad Bunny,2025-02-02,74
TQM,Fuerza Regida,2025-02-02,70
Mourning,Post Malone,2025-02-02,61
America Has A Problem,Beyonce Featuring Kendrick Lamar,2025-02-02,61
Cruel Summer,Taylor Swift,2025-02-02,88
Say Yes To Heaven,Lana Del Rey,2025-02-02,83
"To Summer, From Cole (Audio Hug)",Summer Walker & J. Cole,2025-02-02,67
"Angel, Pt. 1","Kodak Black, NLE Choppa, Jimin, JVKE & Muni Long",2025-02-02,51
You,Dan + Shay,2025-02-02,53
Baby Don't Hurt Me,"David Guetta, Anne-Marie & Coi Leray",2025-02-02,80
Karma,Taylor Swift Featuring Ice Spice,2025-02-02,75
Stand By Me,Lil Durk Featuring Morgan Wallen,2025-02-02,67
Hits Different,Taylor Swift,2025-02-02,70
Pelle Coat,Lil Durk,2025-02-02,48
War Bout It,Lil Durk Featuring 21 Savage,2025-02-02,57
Dance The Night,Dua Lipa,2025-02-02,67
Bye,Peso Pluma,2025-02-02,68
Never Imagined,Lil Durk Featuring Future,2025-02-02,48
Never Again,Lil Durk,2025-02-02,46
Pound Town 2,Sexyy Red & Tay Keith & Nicki Minaj,2025-02-02,51
Big Dawg,Lil Durk & Chief Wuk,2025-02-02,56
Cross The Globe,Lil Durk Featuring Juice WRLD,2025-02-02,56
Put Em On Ice,Lil Durk,2025-02-02,45
300 Urus,Lil Durk,2025-02-02,47
Sad Songs,Lil Durk,2025-02-02,47
Grandson,Lil Durk Featuring Kodak Black,2025-02-02,45
Before Fajr,Lil Durk,2025-02-02,44
B12,Lil Durk,2025-02-02,48
You Got Em,Lil Durk,2025-02-02,44
Put It On Da Floor Again,Latto Featuring Cardi B,2025-02-02,59
"Bzrp Music Sessions, Vol. 55",Bizarrap & Peso Pluma,2025-02-02,70
Calling,"Metro Boomin, Swae Lee & NAV Featuring A Boogie Wit da Hoodie",2025-02-02,69
Popular,"The Weeknd, Playboi Carti & Madonna",2025-02-02,81
Annihilate,"Metro Boomin, Swae Lee, Lil Wayne & Offset",2025-02-02,70
Bread & Butter,Gunna,2025-02-02,58
Am I Dreaming,"Metro Boomin, A$AP Rocky & Roisee",2025-02-02,73
Keep It Low,Moneybagg Yo Featuring Future,2025-02-02,58
All The Way Live,"Metro Boomin, Future & Lil Uzi Vert",2025-02-02,61
Self Love,Metro Boomin & Coi Leray,2025-02-02,70
Ocean Spray,Moneybagg Yo,2025-02-02,66
Save Me,Jelly Roll With Lainey Wilson,2025-02-02,68
Hummingbird,Metro Boomin & James Blake,2025-02-02,64
Peaches & Eggplants,Young Nudy Featuring 21 Savage,2025-02-02,63
Danger (Spider),Offset & JID,2025-02-02,57
Dial Drunk,Noah Kahan,2025-02-02,78
Take Two,BTS,2025-02-02,67
Plebada,El Alfa x Peso Pluma,2025-02-02,64
Truck Bed,HARDY,2025-02-02,75
The Hillbillies,Baby Keem & Kendrick Lamar,2025-02-02,62
Fukumean,Gunna,2025-02-02,80
Back To The Moon,Gunna,2025-02-02,70
Attention,Doja Cat,2025-02-02,60
Rodeo Dr,Gunna,2025-02-02,57
Back At It,Gunna,2025-02-02,53
Ca$h $hit,Gunna,2025-02-02,57
Bottom,Gunna,2025-02-02,54
IDK NoMore,Gunna,2025-02-02,48
P Angels,Gunna,2025-02-02,51
Paybach,Gunna,2025-02-02,48
Go Crazy,Gunna,2025-02-02,63
Girl In Mine,Parmalee,2025-02-02,62
Classy 101,Feid x Young Miko,2025-02-02,71
Bluffin,Gucci Mane & Lil Baby,2025-02-02,47
Barbie World,Nicki Minaj & Ice Spice With Aqua,2025-02-02,70
Oh U Went,Young Thug Featuring Drake,2025-02-02,64
Sabor Fresa,Fuerza Regida,2025-02-02,72
Luna,Peso Pluma & Junior H,2025-02-02,75
Lady Gaga,"Peso Pluma, Gabito Ballesteros & Junior H",2025-02-02,78
Parade On Cleveland,Young Thug Featuring Drake,2025-02-02,54
Cars Bring Me Out,Young Thug Featuring Future,2025-02-02,49
VVS,"Peso Pluma, Edgardo Nunez & Los Dareyes de La Sierra",2025-02-02,68
Wit Da Racks,"Young Thug Featuring 21 Savage, Travis Scott & Yak Gotti",2025-02-02,51
Want Me Dead,Young Thug Featuring 21 Savage,2025-02-02,54
Rubicon,Peso Pluma,2025-02-02,74
Hellcat Kenny,Young Thug Featuring Lil Uzi Vert,2025-02-02,51
Money On The Dresser,Young Thug,2025-02-02,45
Uncle M,Young Thug,2025-02-02,48
Nueva Vida,Peso Pluma,2025-02-02,80
Watermelon Moonshine,Lainey Wilson,2025-02-02,71
Lagunas,Peso Pluma & Jasiel Nunez,2025-02-02,76
Rosa Pastel,Peso Pluma & Jasiel Nunez,2025-02-02,67
Abracadabra,Young Thug Featuring Travis Scott,2025-02-02,50
Gucci Grocery Bag,Young Thug,2025-02-02,41
Vampire,Olivia Rodrigo,2025-02-02,82
Flooded The Face,Lil Uzi Vert,2025-02-02,65
Endless Fashion,Lil Uzi Vert Featuring Nicki Minaj,2025-02-02,58
Suicide Doors,Lil Uzi Vert,2025-02-02,54
Aye,Lil Uzi Vert Featuring Travis Scott,2025-02-02,63
Tulum,Peso Pluma & Grupo Frontera,2025-02-02,73
Area Codes,Kaliii,2025-02-02,69
I Gotta,Lil Uzi Vert,2025-02-02,53
Party In The U.S.A.,Miley Cyrus,2025-02-02,74
Spin Again,Lil Uzi Vert,2025-02-02,55
Crush Em,Lil Uzi Vert,2025-02-02,50
X2,Lil Uzi Vert,2025-02-02,55
Mojabi Ghost,Tainy & Bad Bunny,2025-02-02,80
Pluto To Mars,Lil Uzi Vert,2025-02-02,55
"Mama, I'm Sorry",Lil Uzi Vert,2025-02-02,51
Amped,Lil Uzi Vert,2025-02-02,48
Patience,Lil Uzi Vert Featuring Don Toliver,2025-02-02,55
Nakamura,Lil Uzi Vert,2025-02-02,49
All Alone,Lil Uzi Vert,2025-02-02,49
Died And Came Back,Lil Uzi Vert,2025-02-02,48
Werewolf,Lil Uzi Vert Featuring Bring Me The Horizon,2025-02-02,54
Zoom,Lil Uzi Vert,2025-02-02,52
That Fiya,Lil Uzi Vert,2025-02-02,46
We Didn't Start The Fire,Fall Out Boy,2025-02-02,60
I Can See You (Taylor's Version) (From The Vault),Taylor Swift,2025-02-02,70
Mine (Taylor's Version),Taylor Swift,2025-02-02,71
Back To December (Taylor's Version),Taylor Swift,2025-02-02,71
Enchanted (Taylor's Version),Taylor Swift,2025-02-02,76
Sparks Fly (Taylor's Version),Taylor Swift,2025-02-02,68
Dear John (Taylor's Version),Taylor Swift,2025-02-02,66
Better Than Revenge (Taylor's Version),Taylor Swift,2025-02-02,68
Castles Crumbling (Taylor's Version) (From The Vault),Taylor Swift Featuring Hayley Williams,2025-02-02,64
Speak Now (Taylor's Version),Taylor Swift,2025-02-02,65
When Emma Falls In Love (Taylor's Version) (From The Vault),Taylor Swift,2025-02-02,63
Electric Touch (Taylor's Version) (From The Vault),Taylor Swift Featuring Fall Out Boy,2025-02-02,65
Mean (Taylor's Version),Taylor Swift,2025-02-02,65
Foolish One (Taylor's Version) (From The Vault),Taylor Swift,2025-02-02,65
The Story Of Us (Taylor's Version),Taylor Swift,2025-02-02,66
Timeless (Taylor's Version) (From The Vault),Taylor Swift,2025-02-02,65
Haunted (Taylor's Version),Taylor Swift,2025-02-02,66
Long Live (Taylor's Version),Taylor Swift,2025-02-02,70
Last Kiss (Taylor's Version),Taylor Swift,2025-02-02,67
Never Grow Up (Taylor's Version),Taylor Swift,2025-02-02,63
Innocent (Taylor's Version),Taylor Swift,2025-02-02,60
Super Shy,NewJeans,2025-02-02,77
Ours (Taylor's Version),Taylor Swift,2025-02-02,62
Superman (Taylor's Version),Taylor Swift,2025-02-02,59
Point Me 2,FendiDa Rappa With Cardi B,2025-02-02,48
LaLa,Myke Towers,2025-02-02,81
Seven,Jung Kook Featuring Latto,2025-02-02,84
Try That In A Small Town,Jason Aldean,2025-02-02,63
What Was I Made For?,Billie Eilish,2025-02-02,84
Overdrive,Post Malone,2025-02-02,60
S91,Karol G,2025-02-02,57
Rush,Troye Sivan,2025-02-02,76
Save Me The Trouble,Dan + Shay,2025-02-02,49
Turn Yo Clic Up,Quavo & Future,2025-02-02,57
Quema,Ryan Castro x Pe$o Pluma,2025-02-02,72
Angels Don't Always Have Wings,Thomas Rhett,2025-02-02,50
Thang For You,Rylo Rodriguez Featuring NoCap,2025-02-02,58
Johnny Dang,"That Mexican OT, Paul Wall & DRODi",2025-02-02,61
K-POP,"Travis Scott, Bad Bunny & The Weeknd",2025-02-02,68
Dial Drunk,Noah Kahan With Post Malone,2025-02-02,78
White Horse,Chris Stapleton,2025-02-02,67
Deli,Ice Spice,2025-02-02,70
Heartbroken,"Diplo, Jessie Murph & Polo G",2025-02-02,61
Speed Drive,Charli XCX,2025-02-02,60
ETA,NewJeans,2025-02-02,76
I'm Just Ken,Ryan Gosling,2025-02-02,59
But I Got A Beer In My Hand,Luke Bryan,2025-02-02,51
Cool With You,NewJeans,2025-02-02,71
Talibans II,Burna Boy & Byron Messia,2025-02-02,53
Equal Dirt,Rylo Rodriguez,2025-02-02,51
Meltdown,Travis Scott Featuring Drake,2025-02-02,74
FE!N,Travis Scott Featuring Playboi Carti,2025-02-02,86
I Know ?,Travis Scott,2025-02-02,80
Hyaena,Travis Scott,2025-02-02,69
Thank God,Travis Scott,2025-02-02,70
Topia Twins,Travis Scott Featuring Rob49 & 21 Savage,2025-02-02,75
My Eyes,Travis Scott,2025-02-02,81
Modern Jam,Travis Scott Featuring Teezo Touchdown,2025-02-02,66
Delresto (Echoes),Travis Scott & Beyonce,2025-02-02,61
Telekinesis,Travis Scott Featuring SZA & Future,2025-02-02,78
Sirens,Travis Scott,2025-02-02,66
God's Country,Travis Scott,2025-02-02,64
Skitzo,Travis Scott Featuring Young Thug,2025-02-02,68
Circus Maximus,Travis Scott Featuring The Weeknd & Swae Lee,2025-02-02,66
Til Further Notice,Travis Scott Featuring James Blake & 21 Savage,2025-02-02,75
