title,artist,plays,days...
Heat Waves,Glass Animals,2,2025-01-01,2025-01-16
Stay,The Kid LAROI & Justin Bieber,3,2025-01-01,2025-01-08,2025-01-15
Bad Habits,Ed Sheeran,1,2025-01-01
Ghost,Justin Bieber,1,2025-01-01
Breakaway,Kelly Clarkson,2,2025-01-01,2025-01-22
Whoomp! (There It Is),Tag Team,1,2025-01-01
Need To Know,Doja Cat,2,2025-01-01,2025-01-29
She Will Be Loved,Maroon 5,5,2025-01-01,2025-01-08,2025-01-15,2025-01-22,2025-01-29
It's The Most Wonderful Time Of The Year,Andy Williams,3,2025-01-01,2025-01-07,2025-01-08
Fancy Like,Walker Hayes,4,2025-01-01,2025-01-08,2025-01-15,2025-01-22
A Holly Jolly Christmas,Burl Ives,4,2025-01-01,2025-01-04,2025-01-07,2025-01-07
Let Me Love You,Mario,2,2025-01-01,2025-01-08
Boulevard Of Broken Dreams,Green Day,2,2025-01-01,2025-01-22
Down Under,Men At Work,2,2025-01-01,2025-01-22
Shame On The Moon,Bob Seger & The Silver Bullet Band,4,2025-01-01,2025-01-08,2025-01-15,2025-01-29
Taste Of Honey,Herb Alpert & The Tijuana Brass,1,2025-01-01
Let's Stay Together,Al Green,1,2025-01-01
I Knew I Loved You,Savage Garden,2,2025-01-01,2025-01-29
Do You Really Want To Hurt Me,Culture Club,3,2025-01-01,2025-01-08,2025-01-22
Mickey,Toni Basil,3,2025-01-01,2025-01-08,2025-01-15
You Don't Have To Be A Star (To Be In My Show),"Marilyn McCoo & Billy Davis, Jr.",4,2025-01-01,2025-01-08,2025-01-22,2025-01-29
"Evergreen (Love Theme From ""A Star Is Born"")",Barbra Streisand,3,2025-01-01,2025-01-08,2025-01-22
Feliz Navidad,Jose Feliciano,4,2025-01-01,2025-01-04,2025-01-04,2025-01-08
Say My Name,Destiny's Child,2,2025-01-01,2025-01-29
Five O'Clock World,The Vogues,3,2025-01-01,2025-01-15,2025-01-29
Without You,Nilsson,3,2025-01-01,2025-01-08,2025-01-15
Grenade,Bruno Mars,1,2025-01-01
Maneater,Daryl Hall John Oates,2,2025-01-01,2025-01-15
You Make Me Feel Like Dancing,Leo Sayer,2,2025-01-01,2025-01-29
Tonight's The Night (Gonna Be Alright),Rod Stewart,2,2025-01-01,2025-01-29
Easy On Me,Adele,3,2025-01-01,2025-01-08,2025-01-15
Sleigh Ride,The Ronettes,1,2025-01-01
The Power Of Love,Celine Dion,3,2025-01-01,2025-01-08,2025-01-22
Please Forgive Me,Bryan Adams,2,2025-01-01,2025-01-22
My Boo,Usher And Alicia Keys,4,2025-01-01,2025-01-15,2025-01-22,2025-01-29
Africa,Toto,3,2025-01-01,2025-01-15,2025-01-22
Torn Between Two Lovers,Mary Macgregor,4,2025-01-01,2025-01-08,2025-01-15,2025-01-29
Hungry Like The Wolf,Duran Duran,2,2025-01-01,2025-01-29
Disco Duck (Part I),Rick Dees & His Cast Of Idiots,4,2025-01-01,2025-01-08,2025-01-15,2025-01-29
Over And Over,The Dave Clark Five,3,2025-01-01,2025-01-15,2025-01-22
This Kiss,Faith Hill,2,2025-01-02,2025-01-30
Trap Queen,Fetty Wap,2,2025-01-02,2025-01-09
Go Crazy,Chris Brown & Young Thug,3,2025-01-02,2025-01-23,2025-01-30
"Hey, Soul Sister",Train,2,2025-01-02,2025-01-09
Mood,24kGoldn Featuring iann dior,2,2025-01-02,2025-01-23
The Hills,The Weeknd,2,2025-01-02,2025-01-16
North To Alaska,Johnny Horton,3,2025-01-02,2025-01-09,2025-01-30
Exodus,Ferrante & Teicher,3,2025-01-02,2025-01-16,2025-01-30
TiK ToK,Ke$ha,2,2025-01-02,2025-01-30
Stressed Out,twenty one pilots,2,2025-01-02,2025-01-09
...Baby One More Time,Britney Spears,2,2025-01-02,2025-01-23
"End Of The Road (From ""Boomerang"")",Boyz II Men,2,2025-01-02,2025-01-16
See You Again,Wiz Khalifa Featuring Charlie Puth,3,2025-01-02,2025-01-16,2025-01-23
Don't Walk Away,Jade,2,2025-01-02,2025-01-16
Wonderland By Night,Bert Kaempfert And His Orchestra,1,2025-01-02
Will You Love Me Tomorrow,The Shirelles,3,2025-01-02,2025-01-23,2025-01-30
A Thousand Stars,Kathy Young With The Innocents,4,2025-01-02,2025-01-09,2025-01-16,2025-01-30
Knock Three Times,Dawn,3,2025-01-02,2025-01-09,2025-01-16
I'll Be There,Jackson 5,1,2025-01-02
Harden My Heart,Quarterflash,2,2025-01-02,2025-01-16
Downtown,Petula Clark,1,2025-01-02
Angel Of Mine,Monica,2,2025-01-02,2025-01-30
Sailor (Your Home Is The Sea),Lolita,3,2025-01-02,2025-01-09,2025-01-16
Ditty,Paperboy,4,2025-01-02,2025-01-09,2025-01-16,2025-01-30
One Less Bell To Answer,The 5th Dimension,2,2025-01-02,2025-01-09
Lately,Divine,3,2025-01-02,2025-01-16,2025-01-23
Believe,Cher,3,2025-01-02,2025-01-09,2025-01-30
Save Tonight,Eagle-Eye Cherry,4,2025-01-02,2025-01-16,2025-01-23,2025-01-30
The Sweetest Thing (I've Ever Known),Juice Newton,4,2025-01-02,2025-01-16,2025-01-23,2025-01-30
Empire State Of Mind,Jay-Z + Alicia Keys,3,2025-01-02,2025-01-16,2025-01-30
Telephone,Lady Gaga Featuring Beyonce,4,2025-01-02,2025-01-09,2025-01-16,2025-01-30
Baby-Baby-Baby,TLC,2,2025-01-02,2025-01-09
"I'd Die Without You (From ""Boomerang"")",P.M. Dawn,3,2025-01-02,2025-01-09,2025-01-23
If I Ever Fall In Love,Shai,4,2025-01-02,2025-01-09,2025-01-16,2025-01-23
Where Are U Now,Skrillex & Diplo With Justin Bieber,2,2025-01-02,2025-01-23
He Will Break Your Heart,Jerry Butler,2,2025-01-02,2025-01-23
In My Head,Jason Derulo,2,2025-01-02,2025-01-09
For The Good Times,Ray Price,1,2025-01-02
The Tears Of A Clown,Smokey Robinson & The Miracles,3,2025-01-02,2025-01-16,2025-01-30
We've Only Just Begun,Carpenters,1,2025-01-02
Truly Madly Deeply,Savage Garden,2,2025-01-03,2025-01-24
Love Story,Taylor Swift,2,2025-01-03,2025-01-31
Here Without You,3 Doors Down,2,2025-01-03,2025-01-10
Unwell,matchbox twenty,2,2025-01-03,2025-01-24
Semi-Charmed Life,Third Eye Blind,1,2025-01-03
Shake It Off,Taylor Swift,2,2025-01-03,2025-01-24
All For You,Sister Hazel,1,2025-01-03
Someday,Nickelback,3,2025-01-03,2025-01-24,2025-01-31
You Found Me,The Fray,4,2025-01-03,2025-01-17,2025-01-24,2025-01-31
Disturbia,Rihanna,2,2025-01-03,2025-01-17
All About That Bass,Meghan Trainor,2,2025-01-03,2025-01-17
Celebration,Kool & The Gang,2,2025-01-03,2025-01-17
Another One Bites The Dust,Queen,4,2025-01-03,2025-01-10,2025-01-17,2025-01-24
Hot N Cold,Katy Perry,2,2025-01-03,2025-01-24
Come Together/Something,The Beatles,3,2025-01-03,2025-01-10,2025-01-17
Mo Money Mo Problems,The Notorious B.I.G. Featuring Puff Daddy & Mase,2,2025-01-03,2025-01-31
Keep On Loving You,REO Speedwagon,1,2025-01-03
Poker Face,Lady Gaga,2,2025-01-03,2025-01-24
(Just Like) Starting Over,John Lennon,3,2025-01-03,2025-01-24,2025-01-31
Whatever You Like,T.I.,2,2025-01-03,2025-01-31
The First Cut Is The Deepest,Sheryl Crow,3,2025-01-03,2025-01-10,2025-01-17
So What,P!nk,1,2025-01-03
Everybody Have Fun Tonight,Wang Chung,2,2025-01-03,2025-01-17
At This Moment,Billy Vera & The Beaters,3,2025-01-03,2025-01-10,2025-01-24
The Way It Is,Bruce Hornsby & The Range,2,2025-01-03,2025-01-31
Walk Like An Egyptian,The Bangles,2,2025-01-03,2025-01-24
The Next Time I Fall,Peter Cetera With Amy Grant,4,2025-01-03,2025-01-10,2025-01-17,2025-01-31
All Cried Out,Allure Featuring 112,3,2025-01-03,2025-01-17,2025-01-31
Take Me To Church,Hozier,5,2025-01-03,2025-01-10,2025-01-17,2025-01-24,2025-01-31
Numb,Linkin Park,3,2025-01-03,2025-01-24,2025-01-31
Heartless,Kanye West,3,2025-01-03,2025-01-10,2025-01-31
He's So Shy,The Pointer Sisters,3,2025-01-03,2025-01-10,2025-01-17
Upside Down,Diana Ross,2,2025-01-03,2025-01-10
The Tide Is High,Blondie,3,2025-01-03,2025-01-10,2025-01-24
Passion,Rod Stewart,4,2025-01-03,2025-01-10,2025-01-17,2025-01-31
Every Woman In The World,Air Supply,2,2025-01-03,2025-01-10
Keep Your Hands To Yourself,The Georgia Satellites,2,2025-01-03,2025-01-10
I Write The Songs,Barry Manilow,3,2025-01-03,2025-01-17,2025-01-24
Golden Years,David Bowie,5,2025-01-03,2025-01-10,2025-01-17,2025-01-24,2025-01-31
Open Your Heart,Madonna,2,2025-01-03,2025-01-31
Rockin' Around The Christmas Tree,Brenda Lee,5,2025-01-04,2025-01-04,2025-01-06,2025-01-09,2025-01-09
Foolish Games/You Were Meant For Me,Jewel,6,2025-01-04,2025-01-10,2025-01-17,2025-01-24,2025-01-31,2025-02-01
Jingle Bell Rock,Bobby Helms,5,2025-01-04,2025-01-05,2025-01-06,2025-01-09,2025-01-12
A Bar Song (Tipsy),Shaboozey,2,2025-01-04,2025-01-18
Someone You Loved,Lewis Capaldi,2,2025-01-04,2025-02-01
Don't Start Now,Dua Lipa,3,2025-01-04,2025-01-25,2025-02-01
Dark Horse,Katy Perry Featuring Juicy J,2,2025-01-04,2025-02-01
All Of Me,John Legend,3,2025-01-04,2025-01-18,2025-02-01
Mack The Knife,Bobby Darin,2,2025-01-04,2025-01-18
Blurred Lines,Robin Thicke Featuring T.I. + Pharrell,2,2025-01-04,2025-02-01
When I'm Gone,3 Doors Down,2,2025-01-04,2025-01-25
The Bones,Maren Morris,2,2025-01-04,2025-01-18
Pompeii,Bastille,1,2025-01-04
Twisted,Keith Sweat,2,2025-01-04,2025-01-18
The Game Of Love,Santana Featuring Michelle Branch,3,2025-01-04,2025-01-25,2025-02-01
Ignition,R. Kelly,2,2025-01-04,2025-01-25
Counting Blue Cars,Dishwalla,2,2025-01-04,2025-01-18
The Box,Roddy Ricch,4,2025-01-04,2025-01-11,2025-01-18,2025-02-01
Nobody,Keith Sweat Featuring Athena Cage,5,2025-01-04,2025-01-11,2025-01-18,2025-01-25,2025-02-01
The Little Drummer Boy,The Harry Simeone Chorale,6,2025-01-04,2025-01-05,2025-01-06,2025-01-11,2025-01-18,2025-01-26
Die With A Smile,Lady Gaga & Bruno Mars,4,2025-01-04,2025-01-11,2025-01-18,2025-02-01
Panini,Lil Nas X,2,2025-01-04,2025-01-11
"Hold On, We're Going Home",Drake Featuring Majid Jordan,5,2025-01-04,2025-01-11,2025-01-18,2025-01-25,2025-02-01
All 4 Love,Color Me Badd,2,2025-01-04,2025-01-11
It's Beginning To Look A Lot Like Christmas,Perry Como And The Fontane Sisters With Mitchell Ayres And His Orchestra,2,2025-01-04,2025-01-06
Love Child,Diana Ross & The Supremes,4,2025-01-04,2025-01-18,2025-01-25,2025-02-01
Heartaches By The Number,Guy Mitchell,4,2025-01-04,2025-01-11,2025-01-18,2025-02-01
How Will I Know,Whitney Houston,3,2025-01-04,2025-01-11,2025-01-25
"Say You, Say Me",Lionel Richie,3,2025-01-04,2025-01-18,2025-02-01
Burning Heart,Survivor,1,2025-01-04
Separate Lives,Phil Collins and Marilyn Martin,5,2025-01-04,2025-01-11,2025-01-18,2025-01-25,2025-02-01
El Paso,Marty Robbins,1,2025-01-04
It's All Coming Back To Me Now,Celine Dion,4,2025-01-04,2025-01-11,2025-01-18,2025-02-01
You Learn/You Oughta Know,Alanis Morissette,4,2025-01-04,2025-01-18,2025-01-25,2025-02-01
Safe And Sound,Capital Cities,3,2025-01-04,2025-01-11,2025-01-18
Wrecking Ball,Miley Cyrus,2,2025-01-04,2025-02-01
Hanging By A Moment,Lifehouse,2,2025-01-05,2025-01-26
Without Me,Halsey,1,2025-01-05
Family Affair,Mary J. Blige,2,2025-01-05,2025-01-12
Girls Like You,Maroon 5 Featuring Cardi B,2,2025-01-05,2025-01-19
Apologize,Timbaland Featuring OneRepublic,1,2025-01-05
Chantilly Lace,Big Bopper,3,2025-01-05,2025-01-12,2025-01-19
Thrift Shop,Macklemore & Ryan Lewis Featuring Wanz,1,2025-01-05
A Lover's Question,Clyde McPhatter,2,2025-01-05,2025-01-19
Sicko Mode,Travis Scott,2,2025-01-05,2025-01-19
Limbo Rock,Chubby Checker,1,2025-01-05
In The End,Linkin Park,2,2025-01-05,2025-01-12
Bubbly,Colbie Caillat,2,2025-01-05,2025-01-19
Lucid Dreams,Juice WRLD,1,2025-01-05
I Like It,"Cardi B, Bad Bunny & J Balvin",3,2025-01-05,2025-01-19,2025-01-26
High Hopes,Panic! At The Disco,3,2025-01-05,2025-01-19,2025-01-26
U Got It Bad,Usher,3,2025-01-05,2025-01-12,2025-01-19
The Most Beautiful Girl,Charlie Rich,3,2025-01-05,2025-01-12,2025-01-19
Until You Come Back To Me (That's What I'm Gonna Do),Aretha Franklin,1,2025-01-05
Our Song,Taylor Swift,2,2025-01-05,2025-01-12
Last Christmas,Wham!,2,2025-01-05,2025-01-06
Lights,Ellie Goulding,2,2025-01-05,2025-01-28
Pop Muzik,M,2,2025-01-05,2025-01-12
Return To Sender,Elvis Presley With The Jordanaires,4,2025-01-05,2025-01-12,2025-01-19,2025-01-26
One More Night,Maroon 5,2,2025-01-05,2025-01-19
Crank That (Soulja Boy),Soulja Boy Tell'em,3,2025-01-05,2025-01-12,2025-01-26
Lonesome Town,Ricky Nelson,3,2025-01-05,2025-01-19,2025-01-26
Show And Tell,Al Wilson,3,2025-01-05,2025-01-19,2025-01-26
The Joker,The Steve Miller Band,1,2025-01-05
Midnight Train To Georgia,Gladys Knight And The Pips,1,2025-01-05
Love's Theme,Love Unlimited Orchestra,2,2025-01-05,2025-01-26
Rock With You,Michael Jackson,3,2025-01-05,2025-01-12,2025-01-26
From A Distance,Bette Midler,2,2025-01-05,2025-01-19
Shallow,Lady Gaga & Bradley Cooper,2,2025-01-05,2025-01-26
I Will Wait,Mumford & Sons,2,2025-01-05,2025-01-19
Telstar,The Tornadoes,4,2025-01-05,2025-01-12,2025-01-19,2025-01-26
With You,Chris Brown,2,2025-01-05,2025-01-19
Stagger Lee,Lloyd Price,3,2025-01-05,2025-01-19,2025-01-26
The Hawaiian Wedding Song (Ke Kali Nei Au),Andy Williams,3,2025-01-05,2025-01-12,2025-01-19
All I Want For Christmas Is You,Mariah Carey,2,2025-01-06,2025-01-09
Last Night,Morgan Wallen,2,2025-01-06,2025-01-27
Stick Season,Noah Kahan,2,2025-01-06,2025-01-20
Greedy,Tate McRae,4,2025-01-06,2025-01-13,2025-01-20,2025-01-27
Paint The Town Red,Doja Cat,1,2025-01-06
That's What I Like,Bruno Mars,1,2025-01-06
Agora Hills,Doja Cat,3,2025-01-06,2025-01-13,2025-01-20
Chasing Cars,Snow Patrol,1,2025-01-06
The Way You Love Me,Faith Hill,1,2025-01-06
If You're Gone,matchbox twenty,1,2025-01-06
Rockstar,Post Malone Featuring 21 Savage,2,2025-01-06,2025-01-13
"Gangsta's Paradise (From ""Dangerous Minds"")",Coolio Featuring L.V.,2,2025-01-06,2025-01-27
SexyBack,Justin Timberlake,1,2025-01-06
Water,Tyla,3,2025-01-06,2025-01-20,2025-01-27
Feather,Sabrina Carpenter,4,2025-01-06,2025-01-13,2025-01-20,2025-01-27
Le Freak,Chic,2,2025-01-06,2025-01-27
Love Is Blue (L'amour Est Bleu),Paul Mauriat And His Orchestra,3,2025-01-06,2025-01-13,2025-01-20
Feel It Still,Portugal. The Man,2,2025-01-06,2025-01-27
Hot Child In The City,Nick Gilder,1,2025-01-06
Peppermint Twist - Part I,Joey Dee & the Starliters,1,2025-01-06
Lips Of An Angel,Hinder,1,2025-01-06
Far Away,Nickelback,2,2025-01-06,2025-01-13
Kiss From A Rose,Seal,3,2025-01-06,2025-01-20,2025-01-27
I Will Survive,Gloria Gaynor,2,2025-01-06,2025-01-20
Too Much Heaven,Bee Gees,4,2025-01-06,2025-01-13,2025-01-20,2025-01-27
Back To Life,Soul II Soul,3,2025-01-06,2025-01-13,2025-01-20
Say It Right,Nelly Furtado,3,2025-01-06,2025-01-13,2025-01-20
My Love,Justin Timberlake Featuring T.I.,1,2025-01-06
Walk It Out,Unk,3,2025-01-06,2025-01-20,2025-01-27
The Lion Sleeps Tonight,The Tokens,2,2025-01-06,2025-01-27
Different Drum,Stone Poneys Featuring Linda Ronstadt,3,2025-01-06,2025-01-13,2025-01-20
The Wanderer,Dion,2,2025-01-06,2025-01-13
Cotton Fields,The Highwaymen,2,2025-01-06,2025-01-13
As I Lay Me Down,Sophie B. Hawkins,1,2025-01-06
December,Collective Soul,2,2025-01-06,2025-01-27
Anti-Hero,Taylor Swift,1,2025-01-07
Something In The Orange,Zach Bryan,3,2025-01-07,2025-01-14,2025-01-28
I'm Good (Blue),David Guetta & Bebe Rexha,3,2025-01-07,2025-01-21,2025-01-28
Creepin',"Metro Boomin, The Weeknd & 21 Savage",3,2025-01-07,2025-01-14,2025-01-28
Rolling In The Deep,Adele,2,2025-01-07,2025-01-21
Party Rock Anthem,LMFAO Featuring Lauren Bennett & GoonRock,3,2025-01-07,2025-01-14,2025-01-21
Calm Down,Rema & Selena Gomez,1,2025-01-07
How Deep Is Your Love,Bee Gees,3,2025-01-07,2025-01-21,2025-01-28
Under The Influence,Chris Brown,1,2025-01-07
Bad Habit,Steve Lacy,1,2025-01-07
Unholy,Sam Smith & Kim Petras,3,2025-01-07,2025-01-14,2025-01-21
We Belong Together,Mariah Carey,1,2025-01-07
Stayin' Alive,Bee Gees,3,2025-01-07,2025-01-14,2025-01-28
Cheap Thrills,Sia Featuring Sean Paul,1,2025-01-07
We Found Love,Rihanna Featuring Calvin Harris,4,2025-01-07,2025-01-14,2025-01-21,2025-01-28
100% Pure Love,Crystal Waters,2,2025-01-07,2025-01-28
Don't Cha,The Pussycat Dolls Featuring Busta Rhymes,3,2025-01-07,2025-01-14,2025-01-28
Because Of You,Kelly Clarkson,2,2025-01-07,2025-01-28
24K Magic,Bruno Mars,2,2025-01-07,2025-01-21
Sexy And I Know It,LMFAO,2,2025-01-07,2025-01-28
Islands In The Stream,Kenny Rogers Duet With Dolly Parton,3,2025-01-07,2025-01-14,2025-01-21
Say Say Say,Paul McCartney And Michael Jackson,1,2025-01-07
Treat You Better,Shawn Mendes,2,2025-01-07,2025-01-21
Tootsee Roll,69 Boyz,4,2025-01-07,2025-01-14,2025-01-21,2025-01-28
You Gotta Be,Des'ree,3,2025-01-07,2025-01-14,2025-01-28
Waiting For A Star To Fall,Boy Meets Girl,3,2025-01-07,2025-01-14,2025-01-21
Look Away,Chicago,3,2025-01-07,2025-01-14,2025-01-21
How Can I Fall?,Breathe,3,2025-01-07,2025-01-14,2025-01-21
Someone Like You,Adele,3,2025-01-07,2025-01-14,2025-01-21
Straight Up,Paula Abdul,2,2025-01-07,2025-01-21
Making Love Out Of Nothing At All,Air Supply,1,2025-01-07
Just The Way You Are,Billy Joel,1,2025-01-07
Don't It Make My Brown Eyes Blue,Crystal Gayle,2,2025-01-07,2025-01-14
Creep,TLC,3,2025-01-07,2025-01-14,2025-01-28
I'm The Only One,Melissa Etheridge,1,2025-01-07
Winchester Cathedral,The New Vaudeville Band,3,2025-01-07,2025-01-14,2025-01-21
Giving You The Best That I Got,Anita Baker,3,2025-01-07,2025-01-21,2025-01-28
Shivers,Ed Sheeran,4,2025-01-08,2025-01-15,2025-01-22,2025-01-29
Good 4 U,Olivia Rodrigo,1,2025-01-08
Just The Way You Are,Bruno Mars,2,2025-01-08,2025-01-29
I Wanna Know,Joe,1,2025-01-08
Industry Baby,Lil Nas X & Jack Harlow,2,2025-01-08,2025-01-29
If I Die Young,The Band Perry,2,2025-01-08,2025-01-15
Gloria,Laura Branigan,1,2025-01-08
Thats What I Want,Lil Nas X,2,2025-01-08,2025-01-22
Firework,Katy Perry,1,2025-01-08
Goodies,Ciara Featuring Petey Pablo,2,2025-01-08,2025-01-15
I Like Dreamin',Kenny Nolan,3,2025-01-08,2025-01-15,2025-01-22
Someday,Sugar Ray,2,2025-01-08,2025-01-29
All That She Wants,Ace Of Base,3,2025-01-08,2025-01-15,2025-01-29
Scorpio,Dennis Coffey & The Detroit Guitar Band,1,2025-01-08
Lean Back,Terror Squad,3,2025-01-08,2025-01-15,2025-01-22
Disco Inferno,50 Cent,2,2025-01-08,2025-01-29
Teenage Dream,Katy Perry,3,2025-01-08,2025-01-15,2025-01-22
Who Can It Be Now?,Men At Work,1,2025-01-08
Don't Leave Me This Way,Thelma Houston,3,2025-01-08,2025-01-15,2025-01-22
Dreamlover,Mariah Carey,1,2025-01-08
You Can't Hurry Love,Phil Collins,1,2025-01-08
Allentown,Billy Joel,2,2025-01-08,2025-01-22
We Can Work It Out,The Beatles,4,2025-01-08,2025-01-15,2025-01-22,2025-01-29
She's Just My Style,Gary Lewis And The Playboys,2,2025-01-08,2025-01-15
For The Night,Pop Smoke Featuring Lil Baby & DaBaby,2,2025-01-09,2025-01-23
Physical,Olivia Newton-John,2,2025-01-09,2025-01-23
Mr. Lonely,Bobby Vinton,2,2025-01-09,2025-01-16
Love Yourself,Justin Bieber,2,2025-01-09,2025-01-23
Centerfold,The J. Geils Band,3,2025-01-09,2025-01-16,2025-01-23
Last Date,Floyd Cramer,2,2025-01-09,2025-01-23
I Think I Love You,The Partridge Family Starring Shirley Jones Featuring David Cassidy,2,2025-01-09,2025-01-30
Rockstar,DaBaby Featuring Roddy Ricch,1,2025-01-09
Dazzey Duks,Duice,3,2025-01-09,2025-01-16,2025-01-30
Waiting For A Girl Like You,Foreigner,4,2025-01-09,2025-01-16,2025-01-23,2025-01-30
Come See About Me,The Supremes,1,2025-01-09
Levitating,Dua Lipa Featuring DaBaby,3,2025-01-09,2025-01-23,2025-01-30
Stay,Maurice Williams & The Zodiacs,2,2025-01-09,2025-01-30
Are You Lonesome To-night?,Elvis Presley With The Jordanaires,3,2025-01-09,2025-01-23,2025-01-30
"Hungry Eyes (From ""Dirty Dancing"")",Eric Carmen,2,2025-01-09,2025-01-30
Seasons Change,Expose,2,2025-01-09,2025-01-23
Hotline Bling,Drake,3,2025-01-09,2025-01-16,2025-01-23
She's Not There,The Zombies,2,2025-01-09,2025-01-23
Wheels,The String-A-Longs,2,2025-01-09,2025-01-30
Calcutta,Lawrence Welk And His Orchestra,2,2025-01-09,2025-01-30
Shop Around,"The Miracles (featuring Bill ""Smokey"" Robinson)",2,2025-01-09,2025-01-16
I Don't Want To Wait,Paula Cole,1,2025-01-10
Bohemian Rhapsody,Queen,1,2025-01-10
Uptown Funk!,Mark Ronson Featuring Bruno Mars,2,2025-01-10,2025-01-17
Viva La Vida,Coldplay,1,2025-01-10
How's It Going To Be,Third Eye Blind,1,2025-01-10
Together Again,Janet,2,2025-01-10,2025-01-24
Raindrops Keep Fallin' On My Head,B.J. Thomas,3,2025-01-10,2025-01-17,2025-01-31
Get Low,Lil Jon & The East Side Boyz Featuring Ying Yang Twins,2,2025-01-10,2025-01-31
Chandelier,Sia,3,2025-01-10,2025-01-17,2025-01-31
White Flag,Dido,3,2025-01-10,2025-01-17,2025-01-31
Candle In The Wind 1997/Something About The Way You Look Tonight,Elton John,2,2025-01-10,2025-01-17
Let It Rock,Kevin Rudolf Featuring Lil Wayne,2,2025-01-10,2025-01-31
Love Machine (Part 1),The Miracles,1,2025-01-10
Earned It (Fifty Shades Of Grey),The Weeknd,1,2025-01-10
Leaving On A Jet Plane,"Peter, Paul & Mary",2,2025-01-10,2025-01-17
Gives You Hell,The All-American Rejects,1,2025-01-10
Tubthumping,Chumbawamba,3,2025-01-10,2025-01-24,2025-01-31
My Immortal,Evanescence,2,2025-01-10,2025-01-24
Closer,Ne-Yo,1,2025-01-10
Human,The Human League,2,2025-01-10,2025-01-17
Land Of Confusion,Genesis,2,2025-01-10,2025-01-17
Baby Boy,Beyonce Featuring Sean Paul,4,2025-01-10,2025-01-17,2025-01-24,2025-01-31
My Love Is The Shhh!,Somethin' For The People Featuring Trina & Tamara,2,2025-01-10,2025-01-17
Word Up,Cameo,1,2025-01-10
Lose Control,Teddy Swims,3,2025-01-11,2025-01-20,2025-01-27
Beautiful Things,Benson Boone,3,2025-01-11,2025-01-18,2025-01-25
Circles,Post Malone,2,2025-01-11,2025-01-25
Counting Stars,OneRepublic,3,2025-01-11,2025-01-18,2025-01-25
I Had Some Help,Post Malone Featuring Morgan Wallen,2,2025-01-11,2025-01-18
Wake Me Up!,Avicii,2,2025-01-11,2025-02-01
Adore You,Harry Styles,1,2025-01-11
Million Dollar Baby,Tommy Richman,1,2025-01-11
Barely Breathing,Duncan Sheik,2,2025-01-11,2025-01-18
You're Makin' Me High/Let It Flow,Toni Braxton,2,2025-01-11,2025-01-25
Macarena (Bayside Boys Mix),Los Del Rio,1,2025-01-11
Hey Jude,The Beatles,1,2025-01-11
Truth Hurts,Lizzo,3,2025-01-11,2025-01-18,2025-02-01
Royals,Lorde,2,2025-01-11,2025-01-18
I Love You Always Forever,Donna Lewis,2,2025-01-11,2025-02-01
Demons,Imagine Dragons,3,2025-01-11,2025-01-18,2025-01-25
Timber,Pitbull Featuring Ke$ha,3,2025-01-11,2025-01-25,2025-02-01
Don't Let Go (Love),En Vogue,2,2025-01-11,2025-02-01
Roar,Katy Perry,2,2025-01-11,2025-01-25
"The Theme From ""A Summer Place""",Percy Faith And His Orchestra,1,2025-01-11
Mr. Blue,The Fleetwoods,1,2025-01-11
Crimson And Clover,Tommy James And The Shondells,3,2025-01-11,2025-01-18,2025-01-25
Ballin',Mustard & Roddy Ricch,4,2025-01-11,2025-01-18,2025-01-25,2025-02-01
Alive & Kicking,Simple Minds,2,2025-01-11,2025-01-25
Everything I Wanted,Billie Eilish,1,2025-01-11
Dilemma,Nelly Featuring Kelly Rowland,2,2025-01-11,2025-01-18
Taste,Sabrina Carpenter,3,2025-01-11,2025-01-25,2025-02-01
Java,Al (He's the King) Hirt,2,2025-01-11,2025-01-25
Unchained Melody,The Righteous Brothers,1,2025-01-12
How You Remind Me,Nickelback,2,2025-01-12,2025-01-26
Sunflower (Spider-Man: Into The Spider-Verse),Post Malone & Swae Lee,1,2025-01-12
Better Now,Post Malone,1,2025-01-12
Big Girls Don't Cry,Fergie,1,2025-01-12
Eastside,"benny blanco, Halsey & Khalid",2,2025-01-12,2025-01-26
Some Nights,fun.,2,2025-01-12,2025-01-19
Low,Flo Rida Featuring T-Pain,2,2025-01-12,2025-01-19
The Way I Are,Timbaland Featuring Keri Hilson,1,2025-01-12
"To Know Him, Is To Love Him",The Teddy Bears,1,2025-01-12
Come And Get Your Love,Redbone,2,2025-01-12,2025-01-19
Youngblood,5 Seconds Of Summer,1,2025-01-12
I Feel For You,Chaka Khan,1,2025-01-12
Differences,Ginuwine,2,2025-01-12,2025-01-19
Big Girls Don't Cry,The 4 Seasons,1,2025-01-12
Jungle Boogie,Kool & The Gang,2,2025-01-12,2025-01-19
Smoke Gets In Your Eyes,The Platters,1,2025-01-12
Top Of The World,Carpenters,3,2025-01-12,2025-01-19,2025-01-26
Lonely Teardrops,Jackie Wilson,1,2025-01-12
Out Of Touch,Daryl Hall John Oates,3,2025-01-12,2025-01-19,2025-01-26
Rhythm Of The Rain,The Cascades,3,2025-01-12,2025-01-19,2025-01-26
Bobby's Girl,Marcie Blane,3,2025-01-12,2025-01-19,2025-01-26
Seasons In The Sun,Terry Jacks,2,2025-01-12,2025-01-26
"Never, Never Gonna Give Ya Up",Barry White,2,2025-01-12,2025-01-26
Gotta Travel On,Billy Grammer,3,2025-01-12,2025-01-19,2025-01-26
Strut,Sheena Easton,1,2025-01-12
I Cried A Tear,LaVern Baker,1,2025-01-12
Thinkin' Bout Me,Morgan Wallen,1,2025-01-13
Flowers,Miley Cyrus,2,2025-01-13,2025-01-28
Kill Bill,SZA,4,2025-01-13,2025-01-14,2025-01-20,2025-01-28
Before He Cheats,Carrie Underwood,2,2025-01-13,2025-01-27
How To Save A Life,The Fray,3,2025-01-13,2025-01-20,2025-01-27
Meant To Be,Bebe Rexha & Florida Georgia Line,1,2025-01-13
Kryptonite,3 Doors Down,3,2025-01-13,2025-01-20,2025-01-27
What Was I Made For?,Billie Eilish,2,2025-01-13,2025-01-20
Y.M.C.A.,Village People,1,2025-01-13
Moon River,Henry Mancini And His Orchestra,2,2025-01-13,2025-01-27
Missing,Everything But The Girl,1,2025-01-13
Run-Around,Blues Traveler,1,2025-01-13
Havana,Camila Cabello Featuring Young Thug,3,2025-01-13,2025-01-20,2025-01-27
Bust A Move,Young M.C.,1,2025-01-13
Da Ya Think I'm Sexy?,Rod Stewart,1,2025-01-13
New Rules,Dua Lipa,2,2025-01-13,2025-01-20
Thank You,Dido,2,2025-01-13,2025-01-20
Again,Lenny Kravitz,2,2025-01-13,2025-01-20
Run To Him,Bobby Vee,2,2025-01-13,2025-01-27
Judy In Disguise (With Glasses),John Fred And The Playboys,2,2025-01-13,2025-01-27
Sharing The Night Together,Dr. Hook,3,2025-01-13,2025-01-20,2025-01-27
What Hurts The Most,Rascal Flatts,2,2025-01-13,2025-01-20
Unforgettable,French Montana Featuring Swae Lee,1,2025-01-13
South Side,Moby Featuring Gwen Stefani,3,2025-01-13,2025-01-20,2025-01-27
Anything,3T,2,2025-01-13,2025-01-27
Bodak Yellow (Money Moves),Cardi B,3,2025-01-13,2025-01-20,2025-01-27
Thunder,Imagine Dragons,2,2025-01-13,2025-01-27
It's Not Over,Daughtry,1,2025-01-13
Rock And A Hard Place,Bailey Zimmerman,1,2025-01-14
Beverly Hills,Weezer,1,2025-01-14
Give Me Everything,"Pitbull Featuring Ne-Yo, Afrojack & Nayer",1,2025-01-14
Don't Let Me Down,The Chainsmokers Featuring Daya,1,2025-01-14
Feel Good Inc,Gorillaz,2,2025-01-14,2025-01-21
Just A Kiss,Lady Antebellum,1,2025-01-14
Unwritten,Natasha Bedingfield,1,2025-01-14
You Light Up My Life,Debby Boone,2,2025-01-14,2025-01-21
Say You Won't Let Go,James Arthur,1,2025-01-14
Sail,AWOLNATION,2,2025-01-14,2025-01-18
Wild Night,John Mellencamp With Me'Shell Ndegeocello,1,2025-01-14
The Motto,Drake Featuring Lil Wayne,2,2025-01-14,2025-01-28
Devil With A Blue Dress On & Good Golly Miss Molly,Mitch Ryder And The Detroit Wheels,2,2025-01-14,2025-01-21
Born Free,Roger Williams,1,2025-01-14
When Can I See You,Babyface,1,2025-01-14
Be Without You,Mary J. Blige,2,2025-01-14,2025-01-28
Always,Bon Jovi,3,2025-01-14,2025-01-21,2025-01-28
Good Feeling,Flo Rida,1,2025-01-14
"Baby, I Love Your Way/Freebird Medley",Will To Power,2,2025-01-14,2025-01-21
Stereo Hearts,Gym Class Heroes Featuring Adam Levine,3,2025-01-14,2025-01-21,2025-01-28
My Prerogative,Bobby Brown,1,2025-01-14
Karma Chameleon,Culture Club,1,2025-01-14
Save Your Tears,The Weeknd & Ariana Grande,1,2025-01-15
Amazed,Lonestar,1,2025-01-15
Kiss Me More,Doja Cat Featuring SZA,2,2025-01-15,2025-01-22
You Right,Doja Cat & The Weeknd,1,2025-01-15
I Need To Know,Marc Anthony,2,2025-01-15,2025-01-29
You And I,Eddie Rabbitt With Crystal Gayle,1,2025-01-15
Higher,Creed,1,2025-01-15
Drop It Like It's Hot,Snoop Dogg Featuring Pharrell,2,2025-01-15,2025-01-29
Super Gremlin,Kodak Black,2,2025-01-15,2025-01-29
Montero (Call Me By Your Name),Lil Nas X,1,2025-01-15
The Sound Of Silence,Simon & Garfunkel,3,2025-01-15,2025-01-22,2025-01-29
Brand New Key,Melanie,2,2025-01-15,2025-01-22
Hot Line,The Sylvers,2,2025-01-15,2025-01-22
You Are,Lionel Richie,3,2025-01-15,2025-01-22,2025-01-29
Family Affair,Sly & The Family Stone,1,2025-01-15
You Are Everything,The Stylistics,1,2025-01-15
Blinding Lights,The Weeknd,3,2025-01-16,2025-01-25,2025-01-30
Too Close,Next,2,2025-01-16,2025-01-23
Need You Now,Lady Antebellum,2,2025-01-16,2025-01-23
Watch Me,Silento,1,2025-01-16
679,Fetty Wap Featuring Remy Boyz,1,2025-01-16
Start Me Up,The Rolling Stones,1,2025-01-16
Jump Around,House Of Pain,1,2025-01-16
Whatcha Say,Jason Derulo,2,2025-01-16,2025-01-30
Angel,Sarah McLachlan,2,2025-01-16,2025-01-23
Wings Of A Dove,Ferlin Husky,2,2025-01-16,2025-01-23
Replay,Iyaz,2,2025-01-16,2025-01-23
Amos Moses,Jerry Reed,3,2025-01-16,2025-01-23,2025-01-30
Shake Your Love,Debbie Gibson,3,2025-01-16,2025-01-23,2025-01-30
(I've Had) The Time Of My Life,Bill Medley & Jennifer Warnes,1,2025-01-16
Got My Mind Set On You,George Harrison,2,2025-01-16,2025-01-30
Tell It To My Heart(Dub),Taylor Dayne,1,2025-01-16
How Do I Live,LeAnn Rimes,3,2025-01-17,2025-01-24,2025-01-31
I'm Yours,Jason Mraz,3,2025-01-17,2025-01-24,2025-01-31
Stand By Me,Ben E. King,1,2025-01-17
Stay With Me,Sam Smith,1,2025-01-17
Breaking Up Is Hard To Do,Neil Sedaka,2,2025-01-17,2025-01-31
Just Dance,Lady Gaga Featuring Colby O'Donis,1,2025-01-17
Someday We'll Be Together,Diana Ross & The Supremes,1,2025-01-17
I Love A Rainy Night,Eddie Rabbitt,3,2025-01-17,2025-01-24,2025-01-31
Blank Space,Taylor Swift,3,2025-01-17,2025-01-24,2025-01-31
Don't Dream It's Over,Crowded House,2,2025-01-17,2025-01-31
Tipsy,J-Kwon,3,2025-01-17,2025-01-24,2025-01-31
Love On The Rocks,Neil Diamond,2,2025-01-17,2025-01-24
Bang Bang,"Jessie J, Ariana Grande & Nicki Minaj",1,2025-01-17
Sunny Came Home,Shawn Colvin,2,2025-01-17,2025-01-31
Espresso,Sabrina Carpenter,2,2025-01-18,2025-02-01
Birds Of A Feather,Billie Eilish,2,2025-01-18,2025-01-25
"Good Luck, Babe!",Chappell Roan,2,2025-01-18,2025-01-25
Memories,Maroon 5,1,2025-01-18
Change The World,Eric Clapton,1,2025-01-18
"I Believe I Can Fly (From ""Space Jam"")",R. Kelly,2,2025-01-18,2025-01-25
I Miss You,Klymaxx,3,2025-01-18,2025-01-25,2025-02-01
I Want To Hold Your Hand,The Beatles,2,2025-01-18,2025-01-25
Picture,Kid Rock Featuring Sheryl Crow Or Allison Moorer,2,2025-01-18,2025-02-01
You Got What It Takes,Marv Johnson,2,2025-01-18,2025-01-25
Louie Louie,The Kingsmen,2,2025-01-18,2025-01-25
Somebody That I Used To Know,Gotye Featuring Kimbra,3,2025-01-19,2025-01-26,2025-01-28
Ho Hey,The Lumineers,1,2025-01-19
It's Been Awhile,Staind,1,2025-01-19
No One,Alicia Keys,2,2025-01-19,2025-01-26
Tom Dooley,The Kingston Trio,1,2025-01-19
The Way We Were,Barbra Streisand,1,2025-01-19
Home,Phillip Phillips,1,2025-01-19
Hero,Enrique Iglesias,1,2025-01-19
Wanted,Hunter Hayes,1,2025-01-19
I Want To Know What Love Is,Foreigner,2,2025-01-19,2025-01-26
Caribbean Queen (No More Love On The Run),Billy Ocean,1,2025-01-19
Cruel Summer,Taylor Swift,1,2025-01-20
Dance The Night,Dua Lipa,1,2025-01-20
Let's Twist Again,Chubby Checker,1,2025-01-20
Please Mr. Postman,The Marvelettes,1,2025-01-20
Name,Goo Goo Dolls,1,2025-01-20
I Heard It Through The Grapevine,Gladys Knight And The Pips,1,2025-01-20
With Arms Wide Open,Creed,1,2025-01-20
Big Bad John,Jimmy Dean,1,2025-01-20
My Life,Billy Joel,2,2025-01-20,2025-01-27
Fire,The Pointer Sisters,2,2025-01-20,2025-01-27
Love Shack,The B-52s,1,2025-01-20
Attention,Charlie Puth,1,2025-01-20
Rockstar,Nickelback,2,2025-01-20,2025-01-27
Little Willy,The Sweet,1,2025-01-20
Snooze,SZA,1,2025-01-21
Wait For U,Future Featuring Drake & Tems,2,2025-01-21,2025-01-28
I Go Crazy,Paul Davis,2,2025-01-21,2025-01-28
Congratulations,Post Malone Featuring Quavo,1,2025-01-21
(Love Is) Thicker Than Water,Andy Gibb,2,2025-01-21,2025-01-28
Moves Like Jagger,Maroon 5 Featuring Christina Aguilera,1,2025-01-21
The Kind Of Love We Make,Luke Combs,1,2025-01-21
Thought You Should Know,Morgan Wallen,1,2025-01-21
Sure Thing,Miguel,1,2025-01-21
My Humps,The Black Eyed Peas,1,2025-01-21
Red Red Wine,UB40,2,2025-01-21,2025-01-28
All Night Long (All Night),Lionel Richie,2,2025-01-21,2025-01-28
Temperature,Sean Paul,1,2025-01-21
I'm A Believer,The Monkees,1,2025-01-21
Girl You Know It's True,Milli Vanilli,2,2025-01-21,2025-01-28
"Kokomo (From""Cocktail"" )",The Beach Boys,2,2025-01-21,2025-01-28
Joanna,Kool & The Gang,1,2025-01-21
Smooth,Santana Featuring Rob Thomas,1,2025-01-22
Breathe,Faith Hill,1,2025-01-22
Where My Girls At?,702,2,2025-01-22,2025-01-29
Dynamite,Taio Cruz,2,2025-01-22,2025-01-29
Everything You Want,Vertical Horizon,2,2025-01-22,2025-01-29
Big Energy,Latto,1,2025-01-22
American Pie (Parts I & II),Don McLean,1,2025-01-22
Breathe Again,Toni Braxton,1,2025-01-22
DJ Got Us Fallin' In Love,Usher Featuring Pitbull,1,2025-01-22
"Baby, Come To Me",Patti Austin A Duet With James Ingram,1,2025-01-22
Billie Jean,Michael Jackson,2,2025-01-22,2025-01-29
Let's Hang On!,"The 4 Seasons Featuring the ""Sound of Frankie Valli""",1,2025-01-22
Just Like Me,Paul Revere & The Raiders Featuring Mark Lindsay,2,2025-01-22,2025-01-29
No Matter What Shape (Your Stomach's In),The T-Bones,2,2025-01-22,2025-01-29
Wasted On You,Morgan Wallen,2,2025-01-23,2025-01-30
Stitches,Shawn Mendes,1,2025-01-23
Lean On,Major Lazer & DJ Snake Featuring MO,1,2025-01-23
Sorry,Justin Bieber,1,2025-01-23
Need You Tonight,INXS,1,2025-01-23
Sexy Chick,David Guetta Featuring Akon,1,2025-01-23
Whats Poppin,"Jack Harlow Featuring DaBaby, Tory Lanez & Lil Wayne",1,2025-01-23
Goin' Out Of My Head,Little Anthony And The Imperials,2,2025-01-23,2025-01-30
Apache,Jorgen Ingmann & His Guitar,1,2025-01-23
Faith,George Michael,2,2025-01-23,2025-01-30
"No, No, No",Destiny's Child,1,2025-01-24
I'll Be Missing You,Puff Daddy & Faith Evans Featuring 112,1,2025-01-24
Shut Up And Dance,WALK THE MOON,2,2025-01-24,2025-01-31
Why Don't You & I,Santana Featuring Alex Band Or Chad Kroeger,1,2025-01-24
Lady,Kenny Rogers,1,2025-01-24
Woman In Love,Barbra Streisand,1,2025-01-24
Shake You Down,Gregory Abbott,1,2025-01-24
9 To 5,Dolly Parton,2,2025-01-24,2025-01-31
Suga Suga,Baby Bash Featuring Frankie J,1,2025-01-24
Love Me Like You Do,Ellie Goulding,1,2025-01-24
Kiss On My List,Daryl Hall John Oates,2,2025-01-24,2025-01-31
Woman,John Lennon,1,2025-01-24
Feelings,Morris Albert,1,2025-01-24
Too Sweet,Hozier,1,2025-01-25
I Hope,Gabby Barrett Featuring Charlie Puth,1,2025-01-25
Life Is Good,Future Featuring Drake,1,2025-01-25
Please Please Please,Sabrina Carpenter,1,2025-01-25
Falling,Trevor Daniel,1,2025-01-25
Turn Down For What,DJ Snake & Lil Jon,2,2025-01-25,2025-02-01
Miss You,Aaliyah,1,2025-01-25
Conga,Miami Sound Machine,2,2025-01-25,2025-02-01
Story Of My Life,One Direction,1,2025-01-25
Everyday People,Sly & The Family Stone,2,2025-01-25,2025-02-01
Wherever You Will Go,The Calling,1,2025-01-26
Drops Of Jupiter (Tell Me),Train,1,2025-01-26
Call Me Maybe,Carly Rae Jepsen,1,2025-01-26
Happier,Marshmello & Bastille,1,2025-01-26
Blurry,Puddle Of Mudd,1,2025-01-26
Fallin',Alicia Keys,1,2025-01-26
Dancing With A Stranger,Sam Smith & Normani,1,2025-01-26
Careless Whisper,Wham! Featuring George Michael,1,2025-01-26
Donna,Ritchie Valens,1,2025-01-26
Love Song,Sara Bareilles,1,2025-01-26
It's Only Make Believe,Conway Twitty,1,2025-01-26
Locked Out Of Heaven,Bruno Mars,1,2025-01-26
My Sacrifice,Creed,1,2025-01-26
Always On Time,Ja Rule Featuring Ashanti,1,2025-01-26
Lover Boy,Billy Ocean,1,2025-01-26
The Twist,Chubby Checker,1,2025-01-27
Fast Car,Luke Combs,1,2025-01-27
Lovin On Me,Jack Harlow,1,2025-01-27
The Sweet Escape,Gwen Stefani Featuring Akon,1,2025-01-27
I Hope You Dance,Lee Ann Womack,1,2025-01-27
"Woman, Woman",The Union Gap Featuring Gary Puckett,1,2025-01-27
(Sittin' On) The Dock Of The Bay,Otis Redding,1,2025-01-27
A Little More Love,Olivia Newton-John,1,2025-01-27
Irreplaceable,Beyonce,1,2025-01-27
Smack That,Akon Featuring Eminem,1,2025-01-27
"Sittin' Up In My Room (From ""Waiting To Exhale"")",Brandy,1,2025-01-27
You Don't Bring Me Flowers,Barbra Streisand & Neil Diamond,1,2025-01-27
You Proof,Morgan Wallen,1,2025-01-28
Hold My Hand,Hootie & The Blowfish,1,2025-01-28
Gold Digger,Kanye West Featuring Jamie Foxx,1,2025-01-28
Thank God,Kane Brown With Katelyn Brown,1,2025-01-28
Total Eclipse Of The Heart,Bonnie Tyler,1,2025-01-28
Heathens,twenty one pilots,1,2025-01-28
I'll Make Love To You,Boyz II Men,1,2025-01-28
"Wild, Wild West",The Escape Club,1,2025-01-28
Glad You Came,The Wanted,1,2025-01-28
Owner Of A Lonely Heart,Yes,1,2025-01-28
Photograph,Nickelback,1,2025-01-28
F**k You! (Forget You),CeeLo Green,1,2025-01-29
Levitating,Dua Lipa,1,2025-01-29
"1, 2 Step",Ciara Featuring Missy Elliott,1,2025-01-29
The Sign,Ace Of Base,1,2025-01-29
I Like It,Enrique Iglesias Featuring Pitbull,1,2025-01-29
These Boots Are Made For Walkin',Nancy Sinatra,1,2025-01-29
The Rubberband Man,The Spinners,1,2025-01-29
Got To Be There,Michael Jackson,1,2025-01-29
The Lion Sleeps Tonight,Robert John,1,2025-01-29
Slide,Goo Goo Dolls,1,2025-01-30
Use Somebody,Kings Of Leon,1,2025-01-30
Down,Jay Sean Featuring Lil Wayne,1,2025-01-30
Can't Feel My Face,The Weeknd,1,2025-01-30
Before You Go,Lewis Capaldi,1,2025-01-30
Pony Time,Chubby Checker,1,2025-01-30
The Birds And The Bees,Jewel Akens,1,2025-01-30
Rose Garden,Lynn Anderson,1,2025-01-30
Yeah!,Usher Featuring Lil Jon & Ludacris,1,2025-01-31
I Want You Back,Jackson 5,1,2025-01-31
C'est La Vie,Robbie Nevil,1,2025-01-31
Rude,MAGIC!,1,2025-01-31
Sara Smile,Daryl Hall John Oates,1,2025-01-31
Livin' On A Prayer,Bon Jovi,1,2025-01-31
Bad Guy,Billie Eilish,1,2025-02-01
Happy,Pharrell Williams,1,2025-02-01
He'll Have To Go,Jim Reeves,1,2025-02-01
I Am Not Okay,Jelly Roll,1,2025-02-01
Where Do You Go,No Mercy,1,2025-02-01
Sixteen Reasons,Connie Stevens,1,2025-02-01
She Loves You,The Beatles,1,2025-02-01
"10,000 Hours",Dan + Shay & Justin Bieber,1,2025-02-01
Let It Go,Idina Menzel,1,2025-02-01
