title,artist,genres...
All I Want For Christmas Is You,Mariah Carey,dance pop,pop,urban contemporary
Rockin' Around The Christmas Tree,Brenda Lee,adult standards,easy listening,lounge,rockabilly
Jingle Bell Rock,Bobby Helms,
A Holly Jolly Christmas,Burl Ives,adult standards,american folk revival
Easy On Me,Adele,british soul,pop,pop soul,uk pop
It's The Most Wonderful Time Of The Year,Andy Williams,adult standards,easy listening
Last Christmas,Wham!,new romantic,new wave,new wave pop,soft rock
Feliz Navidad,Jose Feliciano,latin pop,puerto rican pop
Stay,The Kid LAROI & Justin Bieber,australian hip hop
Sleigh Ride,The Ronettes,brill building pop,classic girl group,motown,rock-and-roll
The Christmas Song (Merry Christmas To You),Nat King Cole,adult standards,easy listening,lounge,soul,swing,vocal jazz
"Let It Snow, Let It Snow, Let It Snow",Dean Martin,adult standards,easy listening,lounge,vocal jazz
Underneath The Tree,Kelly Clarkson,dance pop,pop,talent show
Broadway Girls,Lil Durk Featuring Morgan Wallen,chicago drill,chicago rap,drill,hip hop,pop rap,rap,trap
Heat Waves,Glass Animals,gauze pop,indietronica,modern rock,pov: indie,shiver pop
Christmas (Baby Please Come Home),Darlene Love,
It's Beginning To Look A Lot Like Christmas,Perry Como And The Fontane Sisters With Mitchell Ayres And His Orchestra,adult standards,easy listening
Santa Tell Me,Ariana Grande,pop
Rudolph The Red-Nosed Reindeer,Gene Autry,classic oklahoma country,cowboy western,traditional country,yodeling
Happy Holiday / The Holiday Season,Andy Williams,adult standards,easy listening
White Christmas,Bing Crosby,adult standards,easy listening,lounge,swing
Industry Baby,Lil Nas X & Jack Harlow,lgbtq+ hip hop
Shivers,Ed Sheeran,pop,singer-songwriter pop,uk pop
Need To Know,Doja Cat,dance pop,pop
Run Rudolph Run,Chuck Berry,blues,blues rock,classic rock,rock,rock-and-roll,rockabilly,soul
Super Gremlin,Kodak Black,florida drill,florida rap,melodic rap,miami hip hop,rap,trap,trap latino
abcdefu,GAYLE,alt z,modern alternative pop
(There's No Place Like) Home For The Holidays,Perry Como,adult standards,easy listening
Cold Heart (PNAU Remix),Elton John & Dua Lipa,
It's Beginning To Look A Lot Like Christmas,Michael Buble,adult standards,canadian pop,jazz pop,lounge
Bad Habits,Ed Sheeran,pop,singer-songwriter pop,uk pop
Smokin Out The Window,Silk Sonic (Bruno Mars & Anderson .Paak),dance pop,pop
Jingle Bells,Frank Sinatra,adult standards,easy listening,lounge
"You're A Mean One, Mr. Grinch",Thurl Ravenscroft,movie tunes
Santa Baby,Eartha Kitt With Henri Rene And His Orchestra,torch song,vocal jazz
Wonderful Christmastime,Paul McCartney,classic rock,mellow gold,rock,soft rock
Linus & Lucy,Vince Guaraldi Trio,jazz trio
Good 4 U,Olivia Rodrigo,pop
Ghost,Justin Bieber,canadian pop,pop
Please Come Home For Christmas,Eagles,album rock,classic rock,heartland rock,mellow gold,rock,soft rock,yacht rock
Santa Claus Is Comin' To Town,Jackson 5,motown,soul
I Hate U,SZA,pop,r&b,rap
Little Saint Nick,The Beach Boys,baroque pop,classic rock,folk rock,mellow gold,psychedelic rock,rock,singer-songwriter,sunshine pop
Mistletoe,Justin Bieber,canadian pop,pop
Fancy Like,Walker Hayes,contemporary country,country,country road,modern country rock
Deck The Halls,Nat King Cole,adult standards,easy listening,lounge,soul,swing,vocal jazz
Have Yourself A Merry Little Christmas,Michael Buble,adult standards,canadian pop,jazz pop,lounge
Christmastime Is Here,Vince Guaraldi Trio,jazz trio
Thats What I Want,Lil Nas X,lgbtq+ hip hop
One Right Now,Post Malone & The Weeknd,dfw rap,melodic rap,pop,rap
Happier Than Ever,Billie Eilish,art pop,pop
Love Nwantiti (Ah Ah Ah),CKay,afro r&b,afrobeats
Knife Talk,Drake Featuring 21 Savage & Project Pat,canadian hip hop,canadian pop,hip hop,pop rap,rap
Thinking 'Bout You,Dustin Lynch Featuring Lauren Alaina Or MacKenzie Porter,contemporary country,country,country road,modern country rock
Merry Christmas,Ed Sheeran & Elton John,pop,singer-songwriter pop,uk pop
Better Days,NEIKED X Mae Muller X Polo G,scandipop
Oh My God,Adele,british soul,pop,pop soul,uk pop
Way 2 Sexy,Drake Featuring Future & Young Thug,canadian hip hop,canadian pop,hip hop,pop rap,rap
Buy Dirt,Jordan Davis Featuring Luke Bryan,contemporary country
Meet Me At Our Spot,THE ANXIETY: WILLOW & Tyler Cole,modern alternative pop
You Should Probably Leave,Chris Stapleton,contemporary country,outlaw country
Christmas Tree Farm (Old Timey Version),Taylor Swift,pop
Pick Out A Christmas Tree,Dan + Shay,contemporary country,country,country road
Whiskey And Rain,Michael Ray,contemporary country,country road,modern country rock
Girls Want Girls,Drake Featuring Lil Baby,canadian hip hop,canadian pop,hip hop,pop rap,rap
Sand In My Boots,Morgan Wallen,contemporary country
Who Want Smoke??,"Nardo Wick Featuring G Herbo, Lil Durk & 21 Savage",florida drill,florida rap,southern hip hop
All Too Well (Taylor's Version),Taylor Swift,pop
Big Energy,Latto,trap queen
Enemy,Imagine Dragons X JID,modern rock,pop,rock
I'll Be Home For Christmas,Camila Cabello,dance pop,pop
Chosen,Blxst & Tyga Featuring Ty Dolla $ign,pop rap,westcoast flow
One Mississippi,Kane Brown,black americana,contemporary country,country,country road
Burn,Juice WRLD,chicago rap,melodic rap,rap
Have Mercy,Chloe,contemporary r&b
Woman,Doja Cat,dance pop,pop
25 Million,Roddy Ricch,melodic rap,rap,trap
By Your Side,Rod Wave,florida rap
Christmas Isn't Canceled (Just You),Kelly Clarkson,dance pop,pop,talent show
For Tonight,Giveon,r&b
Life Goes On,Oliver Tree,alternative hip hop
'Til You Can't,Cody Johnson,classic texas country,contemporary country,modern country pop
To Be Loved By You,Parker McCollum,classic texas country,contemporary country,modern country pop,texas country
My Universe,Coldplay x BTS,permanent wave,pop
Moved To Miami,Roddy Ricch Featuring Lil Baby,melodic rap,rap,trap
Freedom Was A Highway,Jimmie Allen & Brad Paisley,black americana,contemporary country,country road,modern country rock
Wandered To LA.,Juice WRLD & Justin Bieber,chicago rap,melodic rap,rap
Already Dead,Juice WRLD,chicago rap,melodic rap,rap
Tequila Little Time,Jon Pardi,contemporary country,country,country road,modern country rock
Scorpio,Moneybagg Yo,memphis hip hop,rap,southern hip hop,tennessee hip hop,trap
Hibachi,Roddy Ricch Featuring Kodak Black & 21 Savage,melodic rap,rap,trap
Heart On Fire,Eric Church,contemporary country,country,country road
Message In A Bottle (Taylor's Version) (From The Vault),Taylor Swift,pop
Same Boat,Zac Brown Band,contemporary country,country,country road,modern country rock
Thailand,Roddy Ricch,melodic rap,rap,trap
Bubbly,Young Thug With Drake & Travis Scott,atl hip hop,atl trap,gangster rap,hip hop,melodic rap,rap,trap
Do It To It,Acraze Featuring Cherish,pop dance,tech house
No Love,Summer Walker & SZA,r&b,rap
Knowing You,Kenny Chesney,contemporary country,country,country road
Family Ties,Baby Keem & Kendrick Lamar,hip hop,rap
Essence,Wizkid Featuring Justin Bieber & Tems,afrobeats,afropop,azonto,nigerian hip hop,nigerian pop
Kiss Me More,Doja Cat Featuring SZA,dance pop,pop
You Right,Doja Cat & The Weeknd,dance pop,pop
We Don't Talk About Bruno,"Carolina Gaitan, Mauro Castillo, Adassa, Rhenzy Feliz, Diane Guerrero, Stephanie Beatriz & Encanto Cast",
Surface Pressure,Jessica Darrow,movie tunes
Christmas Tree,V,j-division,korean ost
Hrs And Hrs,Muni Long,
Doin' This,Luke Combs,contemporary country,country
Half Of My Hometown,Kelsea Ballerini Featuring Kenny Chesney,contemporary country,country
Poke It Out,Wale Featuring J. Cole,pop rap,r&b,rap,southern hip hop,trap
I Am Woman,Emmy Meli,alt z
Pressure,Ari Lennox,alternative r&b
Beers On Me,"Dierks Bentley, Breland & HARDY",contemporary country,country,country road
23,Sam Hunt,contemporary country,country,country pop,modern country rock
Levitating,Dua Lipa,dance pop,pop,uk pop
Save Your Tears,The Weeknd & Ariana Grande,canadian contemporary r&b,canadian pop,pop
If I Didn't Love You,Jason Aldean & Carrie Underwood,contemporary country,country,country road,modern country rock
Beggin',Maneskin,indie rock italiano,italian pop
Montero (Call Me By Your Name),Lil Nas X,lgbtq+ hip hop
Pepas,Farruko,reggaeton,trap latino,urbano latino
Leave The Door Open,Silk Sonic (Bruno Mars & Anderson .Paak),dance pop,pop
Chasing After You,Ryan Hurd With Maren Morris,contemporary country,country pop,country road,modern country rock
The Family Madrigal,"Stephanie Beatriz, Olga Merediz & Encanto Cast",hollywood,movie tunes
What Else Can I Do?,Diane Guerrero & Stephanie Beatriz,movie tunes
Flower Shops,ERNEST Featuring Morgan Wallen,modern country pop
Fingers Crossed,Lauren Spencer-Smith,alt z,gen z singer-songwriter,singer-songwriter pop
Waiting On A Miracle,Stephanie Beatriz,hollywood,movie tunes
Dos Oruguitas,Sebastian Yatra,colombian pop,latin pop,reggaeton,reggaeton colombiano,urbano latino
Too Easy,Gunna & Future,atl hip hop,melodic rap,rap,trap
Fair Trade,Drake Featuring Travis Scott,canadian hip hop,canadian pop,hip hop,pop rap,rap
Volvi,Aventura x Bad Bunny,bachata,bachata dominicana,latin hip hop,latin pop,tropical,urbano latino
AA,Walker Hayes,contemporary country,country,country road,modern country rock
Come Through,H.E.R. Featuring Chris Brown,r&b,rap
Home Sweet,Russell Dickerson,contemporary country,country,country road,modern country rock
Come Back As A Country Boy,Blake Shelton,classic oklahoma country,contemporary country,country,country road
Black Ball,YoungBoy Never Broke Again & Birdman,baton rouge rap,rap
Baddest,"Yung Bleu, Chris Brown & 2 Chainz",alabama rap,trap
Moth To A Flame,Swedish House Mafia & The Weeknd,edm,pop dance,progressive electro house
Me Or Sum,"Nardo Wick, Lil Baby & Future",florida drill,florida rap,southern hip hop
I Love You So,The Walters,chicago indie,pov: indie
Bad Man (Smooth Criminal),Polo G,chicago rap,rap
Never Wanted To Be That Girl,Carly Pearce & Ashley McBryde,contemporary country,country,country road
Just About Over You,Priscilla Block,contemporary country,modern country pop
Pushin P,Gunna & Future Featuring Young Thug,atl hip hop,melodic rap,rap,trap
Sacrifice,The Weeknd,canadian contemporary r&b,canadian pop,pop
Take My Breath,The Weeknd,canadian contemporary r&b,canadian pop,pop
Thought I Was Playing,Gunna & 21 Savage,atl hip hop,melodic rap,rap,trap
25k Jacket,Gunna Featuring Lil Baby,atl hip hop,melodic rap,rap,trap
Gasoline,The Weeknd,canadian contemporary r&b,canadian pop,pop
Is There Someone Else?,The Weeknd,canadian contemporary r&b,canadian pop,pop
Out Of Time,The Weeknd,canadian contemporary r&b,canadian pop,pop
How Do I Make You Love Me?,The Weeknd,canadian contemporary r&b,canadian pop,pop
Poochie Gown,Gunna,atl hip hop,melodic rap,rap,trap
Mop,Gunna Featuring Young Thug,atl hip hop,melodic rap,rap,trap
Alotta Cake,Gunna,atl hip hop,melodic rap,rap,trap
How You Did That,Gunna Featuring Kodak Black,atl hip hop,melodic rap,rap,trap
Here We Go... Again,"The Weeknd Featuring Tyler, The Creator",canadian contemporary r&b,canadian pop,pop
Less Than Zero,The Weeknd,canadian contemporary r&b,canadian pop,pop
IDK That Bitch,Gunna Featuring G Herbo,atl hip hop,melodic rap,rap,trap
Best Friends,The Weeknd,canadian contemporary r&b,canadian pop,pop
Livin Wild,Gunna,atl hip hop,melodic rap,rap,trap
I Heard You're Married,The Weeknd Featuring Lil Wayne,canadian contemporary r&b,canadian pop,pop
Circles Around This Town,Maren Morris,classic texas country,contemporary country
Dawn FM,The Weeknd,canadian contemporary r&b,canadian pop,pop
Private Island,Gunna,atl hip hop,melodic rap,rap,trap
South To West,Gunna,atl hip hop,melodic rap,rap,trap
You & Me,Gunna & Chloe,atl hip hop,melodic rap,rap,trap
Starry Eyes,The Weeknd,canadian contemporary r&b,canadian pop,pop
Don't Break My Heart,The Weeknd,canadian contemporary r&b,canadian pop,pop
Flooded,Gunna,atl hip hop,melodic rap,rap,trap
Die Alone,Gunna & Chris Brown Featuring Yung Bleu,atl hip hop,melodic rap,rap,trap
Every Angel Is Terrifying,The Weeknd,canadian contemporary r&b,canadian pop,pop
P Power,Gunna Featuring Drake,atl hip hop,melodic rap,rap,trap
Eazy,The Game & Kanye West,detroit hip hop,gangster rap,hip hop,pop rap,rap,southern hip hop,trap
Cold December,Rod Wave,florida rap
Bring The Hook,YoungBoy Never Broke Again,baton rouge rap,rap
Iffy,Chris Brown,r&b,rap
Never Say Never,Cole Swindell / Lainey Wilson,contemporary country,country,country road,modern country rock
Fish Scale,YoungBoy Never Broke Again,baton rouge rap,rap
Trouble With A Heartbreak,Jason Aldean,contemporary country,country,country road,modern country rock
Surround Sound,JID Featuring 21 Savage & Baby Tate,hip hop,pop rap,rap,underground hip hop
All Of You,"Stephanie Beatriz, Olga Merediz, John Leguizamo, Adassa, Maluma & Encanto Cast",hollywood,movie tunes
Light Switch,Charlie Puth,pop,viral pop
No Switch,YoungBoy Never Broke Again,baton rouge rap,rap
Bring It On,YoungBoy Never Broke Again,baton rouge rap,rap
Flossin',Internet Money Featuring YoungBoy Never Broke Again,pop rap,trap
Proud,Key Glock,memphis hip hop,rap,southern hip hop,tennessee hip hop,trap
Know Like I Know,YoungBoy Never Broke Again,baton rouge rap,rap
2Hoo,YoungBoy Never Broke Again,baton rouge rap,rap
Long Live,YoungBoy Never Broke Again,baton rouge rap,rap
Dis & That,YoungBoy Never Broke Again,baton rouge rap,rap
Beautiful Lies,Yung Bleu & Kehlani,alabama rap,trap
Smoke One,YoungBoy Never Broke Again,baton rouge rap,rap
Rumors,Gucci Mane Featuring Lil Durk,atl hip hop,dirty south rap,hip hop,pop rap,rap,southern hip hop,trap
High,The Chainsmokers,pop
Johnny P's Caddy,Benny The Butcher & J. Cole,alternative hip hop,boom bap,buffalo hip hop,hip hop,upstate ny rap
Peru,Fireboy DML & Ed Sheeran,afrobeats,nigerian pop
Get Into It (Yuh),Doja Cat,dance pop,pop
If I Was A Cowboy,Miranda Lambert,contemporary country,country,country dawn,country road
Shotta Flow 6,NLE Choppa,memphis hip hop,rap
Vice City,XXXTENTACION,emo rap,miami hip hop,rap
Numb Little Bug,Em Beihold,alt z,gen z singer-songwriter
Infinity,Jaymes Young,indie poptimism
The Motto,Tiesto & Ava Max,big room,brostep,dutch edm,edm,house,pop dance,progressive electro house,slap house,trance
Megan's Piano,Megan Thee Stallion,houston rap,pop,rap,trap queen
"Colombia, Mi Encanto",Carlos Vives,colombian pop,latin pop,vallenato
Do We Have A Problem?,Nicki Minaj X Lil Baby,hip pop,pop,queens hip hop,rap
Don't Play That,King Von & 21 Savage,chicago rap,rap
Cigarettes,Juice WRLD,chicago rap,melodic rap,rap
She's All I Wanna Be,Tate McRae,pop
Scared Money,YG Featuring J. Cole & Moneybagg Yo,cali rap,hip hop,pop rap,rap,southern hip hop,trap
Emo Girl,Machine Gun Kelly & WILLOW,ohio hip hop,pop rap
Black Summer,Red Hot Chili Peppers,alternative rock,funk metal,funk rock,permanent wave,rock
Doja,$NOT & A$AP Rocky,cloud rap,florida rap,underground hip hop
Hate Our Love,Queen Naija & Big Sean,pop r&b,r&b
When I'm Gone,Alesso / Katy Perry,dance pop,edm,pop,pop dance,progressive electro house
MAMIII,Becky G X Karol G,latin pop,latin viral pop,rap latina,reggaeton,trap latino,urbano latino
Bussin,Nicki Minaj X Lil Baby,hip pop,pop,queens hip hop,rap
The Joker And The Queen,Ed Sheeran Featuring Taylor Swift,pop,singer-songwriter pop,uk pop
Still D.R.E.,Dr. Dre Featuring Snoop Dogg,g funk,gangster rap,hip hop,rap,west coast rap
Worst Day,Future,atl hip hop,hip hop,rap,southern hip hop,trap
The Next Episode,Dr. Dre Featuring Snoop Dogg,g funk,gangster rap,hip hop,rap,west coast rap
Lose Yourself,Eminem,detroit hip hop,hip hop,rap
City Of Gods,"Fivio Foreign, Kanye West & Alicia Keys",brooklyn drill,new york drill,rap,trap
Beers On Me,"Dierks Bentley, BRELAND & HARDY",contemporary country,country,country road
Boyfriend,Dove Cameron,pop
Good Morning Gorgeous,Mary J. Blige,dance pop,hip pop,neo soul,r&b,urban contemporary
Closer,Saweetie Featuring H.E.R.,cali rap,trap queen
Stay Alive,Jung Kook,k-pop
Nail Tech,Jack Harlow,deep underground hip hop,hip hop,kentucky hip hop,pop rap,rap
Ahhh Ha,Lil Durk,chicago drill,chicago rap,drill,hip hop,pop rap,rap,trap
Banking On Me,Gunna,atl hip hop,melodic rap,rap,trap
Poppin,Yeat,pluggnb,rage rap
Pray,Jessie Murph,modern country pop,singer-songwriter pop
Give Heaven Some Hell,HARDY,contemporary country,modern country pop
Freaky Deaky,Tyga X Doja Cat,hip hop,pop rap,rap,southern hip hop,trap
I'm Tired,Labrinth & Zendaya,indie poptimism,pop
I Hate YoungBoy,YoungBoy Never Broke Again,baton rouge rap,rap
Usain Boo,Kodak Black,florida drill,florida rap,melodic rap,miami hip hop,rap,trap,trap latino
Slow Down Summer,Thomas Rhett,contemporary country,country,country road,modern country rock
I Wish,Kodak Black,florida drill,florida rap,melodic rap,miami hip hop,rap,trap,trap latino
To The Moon!,JNR CHOI & Sam Tompkins,gambian hip hop
Rocking A Cardigan In Atlanta,Lil Shordie Scott,viral rap
Bam Bam,Camila Cabello Featuring Ed Sheeran,dance pop,pop
Drunk (And I Don't Wanna Go Home),Elle King & Miranda Lambert,modern blues rock
Handsomer,Russ Featuring Ktlyn,hawaiian hip hop,pop rap
Publicity Stunt,Gucci Mane,atl hip hop,dirty south rap,hip hop,pop rap,rap,southern hip hop,trap
War,King Von,chicago rap,rap
Ay!,Machine Gun Kelly & Lil Wayne,ohio hip hop,pop rap
Neighborhood Superstar,DaBaby & YoungBoy Never Broke Again,hip hop,north carolina hip hop,pop rap,rap,trap
Facetime,King Von Featuring G Herbo,chicago rap,rap
Straight To It,King Von Featuring Fivio Foreign,chicago rap,rap
Evil Twins,King Von & Lil Durk,chicago rap,rap
Trust Nothing,King Von Featuring Moneybagg Yo,chicago rap,rap
Sweetest Pie,Megan Thee Stallion & Dua Lipa,houston rap,pop,rap,trap queen
What Happened To Virgil,Lil Durk Featuring Gunna,chicago drill,chicago rap,drill,hip hop,pop rap,rap,trap
Petty Too,Lil Durk Featuring Future,chicago drill,chicago rap,drill,hip hop,pop rap,rap,trap
No Interviews,Lil Durk,chicago drill,chicago rap,drill,hip hop,pop rap,rap,trap
Golden Child,Lil Durk,chicago drill,chicago rap,drill,hip hop,pop rap,rap,trap
Thinking With My Dick,Kevin Gates Featuring Juicy J,baton rouge rap,pop rap,rap,southern hip hop,trap
Something In The Way,Nirvana,grunge,permanent wave,rock
Barbarian,Lil Durk,chicago drill,chicago rap,drill,hip hop,pop rap,rap,trap
Shootout @ My Crib,Lil Durk,chicago drill,chicago rap,drill,hip hop,pop rap,rap,trap
Started From,Lil Durk,chicago drill,chicago rap,drill,hip hop,pop rap,rap,trap
Headtaps,Lil Durk,chicago drill,chicago rap,drill,hip hop,pop rap,rap,trap
Smoking & Thinking,Lil Durk,chicago drill,chicago rap,drill,hip hop,pop rap,rap,trap
Grow Up/Keep It On Speaker,Lil Durk,chicago drill,chicago rap,drill,hip hop,pop rap,rap,trap
Blocklist,Lil Durk,chicago drill,chicago rap,drill,hip hop,pop rap,rap,trap
Difference Is,Lil Durk Featuring Summer Walker,chicago drill,chicago rap,drill,hip hop,pop rap,rap,trap
Federal Nightmares,Lil Durk,chicago drill,chicago rap,drill,hip hop,pop rap,rap,trap
Bones,Imagine Dragons,modern rock,pop,rock
Pissed Me Off,Lil Durk,chicago drill,chicago rap,drill,hip hop,pop rap,rap,trap
Blick Blick!,Coi Leray & Nicki Minaj,new jersey underground rap,trap queen
Nobody Like U,4*TOWN (From Disney And Pixar's Turning Red),movie tunes
Sometimes,Juice WRLD,chicago rap,melodic rap,rap
Computer Murderers,Lil Durk,chicago drill,chicago rap,drill,hip hop,pop rap,rap,trap
Ghost Story,Carrie Underwood,classic oklahoma country,contemporary country,country,country dawn,dance pop,pop
Tom's Diner,AnnenMayKantereit & Giant Rooks,cologne indie,german singer-songwriter
Maybe,Machine Gun Kelly & Bring Me The Horizon,ohio hip hop,pop rap
Over,Lucky Daye,alternative r&b,r&b
Money So Big,Yeat,pluggnb,rage rap
She Likes It,Russell Dickerson & Jake Scott,contemporary country,country,country road,modern country rock
IDGAF,BoyWithUke X blackbear,sad rap
Soy El Unico,Yahritza y Su Esencia,sad sierreno
Wasted On You,Morgan Wallen,contemporary country
We Go Up,Nicki Minaj & Fivio Foreign,hip pop,pop,queens hip hop,rap
Make Up Sex,Machine Gun Kelly X blackbear,ohio hip hop,pop rap
X Ultima Vez,Daddy Yankee & Bad Bunny,latin hip hop,reggaeton,trap latino,urbano latino
Envolver,Anitta,funk pop,funk rj,pagode baiano,pop,pop nacional
Chaotic,Tate McRae,pop
Sigue,J Balvin & Ed Sheeran,reggaeton,reggaeton colombiano,trap latino,urbano latino
As It Was,Harry Styles,pop
In My Head,Lil Tjay,brooklyn drill,melodic rap,nyc rap,rap
When You're Gone,Shawn Mendes,canadian pop,pop,viral pop
Stick,JID & J. Cole Featuring Kenny Mason & Sheck Wes,
Damn Strait,Scotty McCreery,contemporary country,country,country road,modern country rock
Take My Name,Parmalee,contemporary country,country road,modern country rock,modern uplift
Complete Mess,5 Seconds Of Summer,boy band,pop
4KT Baby,YoungBoy Never Broke Again,baton rouge rap,rap
Blood All On It,Gucci Mane Featuring Key Glock & Young Dolph,atl hip hop,dirty south rap,hip hop,pop rap,rap,southern hip hop,trap
Desesperados,Rauw Alejandro & Chencho Corleone,puerto rican pop,reggaeton,trap latino,urbano latino
First Class,Jack Harlow,deep underground hip hop,hip hop,kentucky hip hop,pop rap,rap
Right On,Lil Baby,atl hip hop,atl trap,rap,trap
In A Minute,Lil Baby,atl hip hop,atl trap,rap,trap
London,BIA Featuring J. Cole,rap latina,trap queen
Psychofreak,Camila Cabello Featuring WILLOW,dance pop,pop
Thump Shit,42 Dugg & EST Gee,detroit trap,southern hip hop,trap
Treat Me,Chloe,contemporary r&b
Neck & Wrist,Pusha T Featuring JAY-Z & Pharrell Williams,gangster rap,hip hop,pop rap,rap,southern hip hop,trap,virginia hip hop
Praise The Lord,BRELAND Featuring Thomas Rhett,black americana
Don't Think Jesus,Morgan Wallen,contemporary country
About Damn Time,Lizzo,escape room,minnesota hip hop,pop,trap queen
Shake It,"Kay Flock, Cardi B, Dougie B & Bory300",bronx drill,melodic drill,new york drill
Flowers,Lauren Spencer-Smith,alt z,gen z singer-songwriter,singer-songwriter pop
GINE,6ix9ine,emo rap
Leave You Alone,Kane Brown,black americana,contemporary country,country,country road
Fall In Love,Bailey Zimmerman,contemporary country,modern country pop
Thousand Miles,The Kid LAROI,australian hip hop
Plan B,Megan Thee Stallion,houston rap,pop,rap,trap queen
Provenza,Karol G,reggaeton,reggaeton colombiano,urbano latino
2step,Ed Sheeran Featuring Lil Baby,pop,singer-songwriter pop,uk pop
Something In The Orange,Zach Bryan,classic oklahoma country
Hold That Heat,"Southside, Travis Scott & Future",atl hip hop,atl trap
Scrape It Off,Pusha T Featuring Lil Uzi Vert & Don Toliver,gangster rap,hip hop,pop rap,rap,southern hip hop,trap,virginia hip hop
Tomorrow Me,Luke Combs,contemporary country,country
Rock N Roll,Pusha T Featuring Kanye West & Kid Cudi,gangster rap,hip hop,pop rap,rap,southern hip hop,trap,virginia hip hop
Dreamin Of The Past,Pusha T Featuring Kanye West,gangster rap,hip hop,pop rap,rap,southern hip hop,trap,virginia hip hop
Brambleton,Pusha T,gangster rap,hip hop,pop rap,rap,southern hip hop,trap,virginia hip hop
Wait For U,Future Featuring Drake & Tems,atl hip hop,hip hop,rap,southern hip hop,trap
Puffin On Zootiez,Future,atl hip hop,hip hop,rap,southern hip hop,trap
712PM,Future,atl hip hop,hip hop,rap,southern hip hop,trap
I'm Dat N***a,Future,
I'm On One,Future Featuring Drake,atl hip hop,hip hop,rap,southern hip hop,trap
Love You Better,Future,atl hip hop,hip hop,rap,southern hip hop,trap
Keep It Burnin,Future Featuring Kanye West,atl hip hop,hip hop,rap,southern hip hop,trap
Massaging Me,Future,atl hip hop,hip hop,rap,southern hip hop,trap
For A Nut,Future Featuring Gunna & Young Thug,atl hip hop,hip hop,rap,southern hip hop,trap
Chickens,Future Featuring EST Gee,atl hip hop,hip hop,rap,southern hip hop,trap
Gold Stacks,Future,atl hip hop,hip hop,rap,southern hip hop,trap
Voodoo,Future Featuring Kodak Black,atl hip hop,hip hop,rap,southern hip hop,trap
Honest,Justin Bieber & Don Toliver,canadian pop,pop
We Jus Wanna Get High,Future,atl hip hop,hip hop,rap,southern hip hop,trap
Holy Ghost,Future,atl hip hop,hip hop,rap,southern hip hop,trap
Frozen,Lil Baby,atl hip hop,atl trap,rap,trap
Back To The Basics,Future,atl hip hop,hip hop,rap,southern hip hop,trap
The Way Things Going,Future,atl hip hop,hip hop,rap,southern hip hop,trap
That That,PSY Featuring SUGA,k-rap,korean old school hip hop
In The Stars,Benson Boone,singer-songwriter pop
Love Me More,Sam Smith,pop,uk pop
Moscow Mule,Bad Bunny,reggaeton,trap latino,urbano latino
Titi Me Pregunto,Bad Bunny,reggaeton,trap latino,urbano latino
Despues de La Playa,Bad Bunny,reggaeton,trap latino,urbano latino
Me Porto Bonito,Bad Bunny & Chencho Corleone,reggaeton,trap latino,urbano latino
Thought You Should Know,Morgan Wallen,contemporary country
Party,Bad Bunny & Rauw Alejandro,reggaeton,trap latino,urbano latino
The Heart Part 5,Kendrick Lamar,conscious hip hop,hip hop,rap,west coast rap
Un Ratito,Bad Bunny,reggaeton,trap latino,urbano latino
Tarot,Bad Bunny & Jhay Cortez,reggaeton,trap latino,urbano latino
Dua Lipa,Jack Harlow,deep underground hip hop,hip hop,kentucky hip hop,pop rap,rap
Yo No Soy Celoso,Bad Bunny,reggaeton,trap latino,urbano latino
Churchill Downs,Jack Harlow Featuring Drake,deep underground hip hop,hip hop,kentucky hip hop,pop rap,rap
Ojitos Lindos,Bad Bunny & Bomba Estereo,reggaeton,trap latino,urbano latino
Neverita,Bad Bunny,reggaeton,trap latino,urbano latino
La Corriente,Bad Bunny & Tony Dize,reggaeton,trap latino,urbano latino
Efecto,Bad Bunny,reggaeton,trap latino,urbano latino
Aguacero,Bad Bunny,reggaeton,trap latino,urbano latino
Dos Mil 16,Bad Bunny,reggaeton,trap latino,urbano latino
Otro Atardecer,Bad Bunny & The Marias,reggaeton,trap latino,urbano latino
This Love (Taylor's Version),Taylor Swift,pop
Andrea,Bad Bunny & Buscabulla,reggaeton,trap latino,urbano latino
El Apagon,Bad Bunny,reggaeton,trap latino,urbano latino
Un Verano Sin Ti,Bad Bunny,reggaeton,trap latino,urbano latino
Un Coco,Bad Bunny,reggaeton,trap latino,urbano latino
Me Fui de Vacaciones,Bad Bunny,reggaeton,trap latino,urbano latino
Ensename A Bailar,Bad Bunny,reggaeton,trap latino,urbano latino
Agosto,Bad Bunny,reggaeton,trap latino,urbano latino
Hold My Hand,Lady Gaga,art pop,dance pop,pop
Whiskey On You,Nate Smith,contemporary country,modern country pop
I'd Do Anything To Make You Smile,Jack Harlow,deep underground hip hop,hip hop,kentucky hip hop,pop rap,rap
Young Harleezy,Jack Harlow,deep underground hip hop,hip hop,kentucky hip hop,pop rap,rap
Poison,Jack Harlow Featuring Lil Wayne,deep underground hip hop,hip hop,kentucky hip hop,pop rap,rap
N95,Kendrick Lamar,conscious hip hop,hip hop,rap,west coast rap
Die Hard,"Kendrick Lamar, Blxst & Amanda Reifer",conscious hip hop,hip hop,rap,west coast rap
You Proof,Morgan Wallen,contemporary country
Silent Hill,Kendrick Lamar & Kodak Black,conscious hip hop,hip hop,rap,west coast rap
United In Grief,Kendrick Lamar,conscious hip hop,hip hop,rap,west coast rap
Father Time,Kendrick Lamar Featuring Sampha,conscious hip hop,hip hop,rap,west coast rap
Rich Spirit,Kendrick Lamar,conscious hip hop,hip hop,rap,west coast rap
We Cry Together,Kendrick Lamar & Taylour Paige,conscious hip hop,hip hop,rap,west coast rap
Worldwide Steppers,Kendrick Lamar,conscious hip hop,hip hop,rap,west coast rap
Count Me Out,Kendrick Lamar,conscious hip hop,hip hop,rap,west coast rap
Purple Hearts,"Kendrick Lamar, Summer Walker & Ghostface Killah",conscious hip hop,hip hop,rap,west coast rap
Savior,"Kendrick Lamar, Baby Keem, & Sam Dew",conscious hip hop,hip hop,rap,west coast rap
Cooped Up,Post Malone Featuring Roddy Ricch,dfw rap,melodic rap,pop,rap
Rich (Interlude),Kendrick Lamar,conscious hip hop,hip hop,rap,west coast rap
Mr. Morale,Kendrick Lamar & Tanna Leone,conscious hip hop,hip hop,rap,west coast rap
Crown,Kendrick Lamar,conscious hip hop,hip hop,rap,west coast rap
Auntie Diaries,Kendrick Lamar,conscious hip hop,hip hop,rap,west coast rap
Savior (Interlude),Kendrick Lamar,conscious hip hop,hip hop,rap,west coast rap
Mirror,Kendrick Lamar,conscious hip hop,hip hop,rap,west coast rap
Mother I Sober,Kendrick Lamar Featuring Beth Gibbons,conscious hip hop,hip hop,rap,west coast rap
Late Night Talking,Harry Styles,pop
Music For A Sushi Restaurant,Harry Styles,pop
Matilda,Harry Styles,pop
Daylight,Harry Styles,pop
Little Freak,Harry Styles,pop
Grapejuice,Harry Styles,pop
Satellite,Harry Styles,pop
Cinema,Harry Styles,pop
Daydreaming,Harry Styles,pop
Keep Driving,Harry Styles,pop
Love Of My Life,Harry Styles,pop
Boyfriends,Harry Styles,pop
Hotel Lobby (Unc And Phew),Quavo & Takeoff,
Like I Love Country Music,Kane Brown,black americana,contemporary country,country,country road
DFMU,Ella Mai,r&b,rap,uk contemporary r&b,urban contemporary
Running Up That Hill (A Deal With God),Kate Bush,art pop,art rock,baroque pop,new wave pop,permanent wave,piano rock,singer-songwriter
True Love,Kanye West & XXXTENTACION,chicago rap,hip hop,rap
Sleazy Flow,SleazyWorld Go Featuring Lil Baby,southern hip hop
See Wat I'm Sayin,Moneybagg Yo,memphis hip hop,rap,southern hip hop,tennessee hip hop,trap
Die Young,Sleepy Hallow Featuring 347aidan,brooklyn drill,nyc rap
Potion,"Calvin Harris, Dua Lipa & Young Thug",dance pop,edm,electro house,house,pop,progressive house,uk dance
She Had Me At Heads Carolina,Cole Swindell,contemporary country,country,country road,modern country rock
Sunroof,Nicky Youre & dazy,singer-songwriter pop
F.N.F. (Let's Go),Hitkidd & Glorilla,memphis hip hop
Wild Hearts,Keith Urban,contemporary country,country,country road
Last Night Lonely,Jon Pardi,contemporary country,country,country road,modern country rock
7500 OBO,Tim McGraw,contemporary country,country,country road
Until I Found You,Stephen Sanchez,gen z singer-songwriter
I Like You (A Happier Song),Post Malone Featuring Doja Cat,dfw rap,melodic rap,pop,rap
Distraction,Polo G,chicago rap,rap
I Cannot Be (A Sadder Song),Post Malone Featuring Gunna,dfw rap,melodic rap,pop,rap
Wrapped Around Your Finger,Post Malone,dfw rap,melodic rap,pop,rap
Lemon Tree,Post Malone,dfw rap,melodic rap,pop,rap
Reputation,Post Malone,dfw rap,melodic rap,pop,rap
Wasting Angels,Post Malone Featuring The Kid LAROI,dfw rap,melodic rap,pop,rap
Insane,Post Malone,dfw rap,melodic rap,pop,rap
Love/Hate Letter To Alcohol,Post Malone Featuring Fleet Foxes,dfw rap,melodic rap,pop,rap
Vegas,Doja Cat,dance pop,pop
Te Felicito,Shakira & Rauw Alejandro,colombian pop,dance pop,latin pop,pop
When I'm Alone,Post Malone,dfw rap,melodic rap,pop,rap
Euthanasia,Post Malone,dfw rap,melodic rap,pop,rap
Glimpse Of Us,Joji,viral pop
Yet To Come,BTS,k-pop,k-pop boy group,pop
Rock And A Hard Place,Bailey Zimmerman,contemporary country,modern country pop
Cash In Cash Out,"Pharrell Williams Featuring 21 Savage & Tyler, The Creator",dance pop,pop
So Good,Halsey,electropop,etherpop,indie poptimism,pop
Run BTS,BTS,k-pop,k-pop boy group,pop
I Ain't Worried,OneRepublic,piano rock,pop
5 Foot 9,Tyler Hubbard,contemporary country,modern country pop
New Truck,Dylan Scott,contemporary country,country road,modern country rock
Jimmy Cooks,Drake Featuring 21 Savage,canadian hip hop,canadian pop,hip hop,pop rap,rap
Sticky,Drake,canadian hip hop,canadian pop,hip hop,pop rap,rap
Falling Back,Drake,canadian hip hop,canadian pop,hip hop,pop rap,rap
Texts Go Green,Drake,canadian hip hop,canadian pop,hip hop,pop rap,rap
Massive,Drake,canadian hip hop,canadian pop,hip hop,pop rap,rap
Break My Soul,Beyonce,pop,r&b
The Kind Of Love We Make,Luke Combs,contemporary country,country
Calling My Name,Drake,canadian hip hop,canadian pop,hip hop,pop rap,rap
A Keeper,Drake,canadian hip hop,canadian pop,hip hop,pop rap,rap
Currents,Drake,canadian hip hop,canadian pop,hip hop,pop rap,rap
Flight's Booked,Drake,canadian hip hop,canadian pop,hip hop,pop rap,rap
Overdrive,Drake,canadian hip hop,canadian pop,hip hop,pop rap,rap
Liability,Drake,canadian hip hop,canadian pop,hip hop,pop rap,rap
U-Digg,"Lil Baby, 42 Dugg & Veeze",atl hip hop,atl trap,rap,trap
Down Hill,Drake,canadian hip hop,canadian pop,hip hop,pop rap,rap
Tie That Binds,Drake,canadian hip hop,canadian pop,hip hop,pop rap,rap
Wild As Her,Corey Kent,modern country pop,texas country
Left And Right,Charlie Puth Featuring Jung Kook,pop,viral pop
Carolina,Taylor Swift,pop
Late To Da Party (F*CK BET),Lil Nas X & Youngboy Never Broke Again,lgbtq+ hip hop
From The D 2 The LBC,Eminem & Snoop Dogg,detroit hip hop,hip hop,rap
Call Me Everyday,Chris Brown Featuring WizKid,
Psychic,Chris Brown Featuring Jack Harlow,r&b,rap
WE (Warm Embrace),Chris Brown,r&b,rap
Burglars & Murderers,Lil Durk Featuring EST Gee,chicago drill,chicago rap,drill,hip hop,pop rap,rap,trap
Addicted,Chris Brown Featuring Lil Baby,r&b,rap
Did Shit To Me,Lil Durk Featuring Doodie Lo,chicago drill,chicago rap,drill,hip hop,pop rap,rap,trap
Possessive,Chris Brown Featuring Lil Wayne & BLEU,r&b,rap
Hot Shit,"Cardi B, Ye & Lil Durk",pop,rap
Master Of Puppets,Metallica,hard rock,metal,old school thrash,rock,thrash metal
Son Of A Sinner,Jelly Roll,country rap,modern country pop,nashville hip hop,tennessee hip hop
Good Love,City Girls & Usher,scam rap,trap queen
Wishful Drinking,Ingrid Andress With Sam Hunt,contemporary country,country pop
Country On,Luke Bryan,contemporary country,country,country road,modern country rock
More,j-hope,k-pop,k-rap
Numb,Marshmello & Khalid,brostep,edm,pop,progressive electro house
Best Thing Since Backroads,Jake Owen,contemporary country,country,country road
Unstoppable,Sia,pop
Rich Minion,Yeat,pluggnb,rage rap
Bad Habit,Steve Lacy,afrofuturism
All Mine,Brent Faiyaz,r&b,rap
Loose Change,Brent Faiyaz,r&b,rap
Price Of Fame,Brent Faiyaz,r&b,rap
Betty (Get Money),Yung Gravy,meme rap,minnesota hip hop
Gravity,"Brent Faiyaz & DJ Dahi Featuring Tyler, The Creator",r&b,rap
Rolling Stone,Brent Faiyaz,r&b,rap
Last Last,Burna Boy,afrobeats,dancehall,nigerian hip hop,nigerian pop
Ghetto Gatsby,Brent Faiyaz Featuring Alicia Keys,r&b,rap
Heal Your Heart (Interlude),Brent Faiyaz,r&b,rap
FYTB,Brent Faiyaz Featuring Joony,r&b,rap
Wasting Time,Brent Faiyaz Featuring Drake,r&b,rap
2 Be Loved (Am I Ready),Lizzo,escape room,minnesota hip hop,pop,trap queen
Truth About You,Mitchell Tenpenny,contemporary country,country road,heartland rock,modern country rock
Free Mind,Tems,afro r&b,afrobeats,alte,nigerian pop
At The End Of A Bar,Chris Young With Mitchell Tenpenny,contemporary country,country,country road
Arson,j-hope,k-pop,k-rap
Pick Me Up,Gabby Barrett,contemporary country
TV,Billie Eilish,art pop,pop
Pressurelicious,Megan Thee Stallion Featuring Future,houston rap,pop,rap,trap queen
Progress,John Rich,
The 30th,Billie Eilish,art pop,pop
With A Woman You Love,Justin Moore,arkansas country,contemporary country,country,country road
Love Lost,Mac Miller,hip hop,pittsburgh rap,rap
Vette Motors,YoungBoy Never Broke Again,baton rouge rap,rap
Are You Entertained,Russ & Ed Sheeran,hawaiian hip hop,pop rap
"Bzrp Music Sessions, Vol. 52",Bizarrap & Quevedo,argentine hip hop,pop venezolano,trap argentino,trap latino,urbano latino
Cuff It,Beyonce,pop,r&b
Alien Superstar,Beyonce,pop,r&b
Church Girl,Beyonce,pop,r&b
I'm That Girl,Beyonce,pop,r&b
Energy,Beyonce Featuring BEAM,pop,r&b
Cozy,Beyonce,pop,r&b
Plastic Off The Sofa,Beyonce,pop,r&b
Virgo's Groove,Beyonce,pop,r&b
Summer Renaissance,Beyonce,pop,r&b
Never Sleep,"NAV, Travis Scott & Lil Baby",canadian hip hop,canadian trap,melodic rap,rap,trap
Heated,Beyonce,pop,r&b
Thique,Beyonce,pop,r&b
Move,Beyonce Featuring Grace Jones & Tems,pop,r&b
Pure/Honey,Beyonce,pop,r&b
America Has A Problem,Beyonce,pop,r&b
All Up In Your Mind,Beyonce,pop,r&b
Victoria’s Secret,Jax,gen z singer-songwriter,singer-songwriter pop
Dah Dah DahDah,Nardo Wick,florida drill,florida rap,southern hip hop
Staying Alive,DJ Khaled Featuring Drake & Lil Baby,hip hop,miami hip hop,pop rap,rap
Bad Decisions,"benny blanco, BTS & Snoop Dogg",pop
Umm Hmm,YoungBoy Never Broke Again,baton rouge rap,rap
I Know,YoungBoy Never Broke Again,baton rouge rap,rap
Home Ain't Home,YoungBoy Never Broke Again Featuring Rod Wave,baton rouge rap,rap
Fuck Da Industry,YoungBoy Never Broke Again,baton rouge rap,rap
Free Dem 5's,YoungBoy Never Broke Again,baton rouge rap,rap
Lost Soul Survivor,YoungBoy Never Broke Again,baton rouge rap,rap
Hold Your Own,YoungBoy Never Broke Again,baton rouge rap,rap
Top Sound,YoungBoy Never Broke Again,baton rouge rap,rap
Kamikaze,YoungBoy Never Broke Again,baton rouge rap,rap
My Time,YoungBoy Never Broke Again,baton rouge rap,rap
Big 14,"Trippie Redd, Moneybagg Yo & Offset",melodic rap,rap,trap
Despecha,Rosalia,pop,r&b en espanol
7 Days,YoungBoy Never Broke Again,baton rouge rap,rap
Super Freaky Girl,Nicki Minaj,hip pop,pop,queens hip hop,rap
Alone,Rod Wave,florida rap
Yungen,Rod Wave Featuring Jack Harlow,florida rap
Never Get Over Me,Rod Wave,florida rap
Sweet Little Lies,Rod Wave,florida rap
Forever,Rod Wave,florida rap
Her,Megan Thee Stallion,houston rap,pop,rap,trap queen
Stone Rolling,Rod Wave,florida rap
No Deal,Rod Wave,florida rap
I Know It,Rod Wave,florida rap
Ungrateful,Megan Thee Stallion Featuring Key Glock,houston rap,pop,rap,trap queen
Pieces,Rod Wave,florida rap
Budget,Megan Thee Stallion Featuring Latto,houston rap,pop,rap,trap queen
Rockstar Heart,Rod Wave,florida rap
Time Kills (Love Birds),Rod Wave,florida rap
Fading,Rod Wave,florida rap
What My World Spins Around,Jordan Davis,contemporary country
Pink Venom,BLACKPINK,k-pop,k-pop girl group,pop
Where It Ends,Bailey Zimmerman,contemporary country,modern country pop
Die For You,The Weeknd,canadian contemporary r&b,canadian pop,pop
54321,Offset,atl hip hop,hip hop,pop rap,rap,trap
Don't Come Lookin',Jackson Dean,modern country pop
Half Of Me,Thomas Rhett Featuring Riley Green,contemporary country,country,country road,modern country rock
29,Demi Lovato,pop,post-teen pop
Snap,Rosa Linn,alt z
Soul,Lee Brice,contemporary country,country,country road,modern country rock
La Bachata,Manuel Turizo,colombian pop,latin pop,reggaeton,reggaeton colombiano,trap latino,urbano latino
Hold Me Closer,Elton John & Britney Spears,glam rock,mellow gold,piano rock,rock
God Did,"DJ Khaled Featuring Rick Ross, Lil Wayne, JAY-Z, John Legend & Fridayy",hip hop,miami hip hop,pop rap,rap
Beautiful,DJ Khaled Featuring Future & SZA,hip hop,miami hip hop,pop rap,rap
Big Time,DJ Khaled Featuring Future & Lil Baby,hip hop,miami hip hop,pop rap,rap
Beat The Odds,Lil Tjay,brooklyn drill,melodic rap,nyc rap,rap
Gatubela,Karol G x Maldy,reggaeton,reggaeton colombiano,urbano latino
Use This Gospel (Remix),DJ Khaled Featuring Kanye West & Eminem,
Juice WRLD Did,DJ Khaled Featuring Juice WRLD,hip hop,miami hip hop,pop rap,rap
Keep Going,"DJ Khaled Featuring Lil Durk, 21 Savage & Roddy Ricch",hip hop,miami hip hop,pop rap,rap
Party,DJ Khaled Featuring Quavo & Takeoff,hip hop,miami hip hop,pop rap,rap
Golden Hour,JVKE,modern indie pop,pov: indie,singer-songwriter pop
It Ain't Safe,DJ Khaled Featuring Nardo Wick & Kodak Black,hip hop,miami hip hop,pop rap,rap
No Secret,DJ Khaled Featuring Drake,hip hop,miami hip hop,pop rap,rap
I'm Good (Blue),David Guetta & Bebe Rexha,big room,dance pop,edm,pop,pop dance
Let's Pray,DJ Khaled Featuring Don Toliver & Travis Scott,hip hop,miami hip hop,pop rap,rap
Wait In The Truck,HARDY Featuring Lainey Wilson,contemporary country,modern country pop
Detox,Lil Baby,atl hip hop,atl trap,rap,trap
Talk,Yeat,pluggnb,rage rap
Romantic Homicide,d4vd,bedroom pop,bedroom r&b
Calm Down,Rema & Selena Gomez,afrobeats,nigerian pop
Static,Steve Lacy,afrofuturism
Billie Eilish.,Armani White,indie hip hop
Sin Fin,Romeo Santos & Justin Timberlake,bachata,latin hip hop,latin pop,trap latino,urbano latino
Thank God,Kane Brown With Katelyn Brown,black americana,contemporary country,country,country road
Under The Influence,Chris Brown,r&b,rap
Put It On Me,YoungBoy Never Broke Again,baton rouge rap,rap
Freestyle,Lil Baby,atl hip hop,atl trap,rap,trap
Flawless,Yeat Featuring Lil Uzi Vert,pluggnb,rage rap
Mary On A Cross,Ghost,hard rock,metal
Purge Me,YoungBoy Never Broke Again,baton rouge rap,rap
"Burn, Burn, Burn",Zach Bryan,classic oklahoma country
Shut Down,BLACKPINK,k-pop,k-pop girl group,pop
Evergreen,Omar Apollo,bedroom pop,bedroom soul
Hell Yeah,Little Big Town,contemporary country,country,country dawn,country road
Love In The Way,BLEU & Nicki Minaj,
Dark Red,Steve Lacy,afrofuturism
Backstage Passes,EST Gee Featuring Jack Harlow,kentucky hip hop,memphis hip hop,southern hip hop,trap
Unholy,Sam Smith & Kim Petras,pop,uk pop
Tomorrow 2,GloRilla & Cardi B,southern hip hop
Star Walkin' (League Of Legends Worlds Anthem),Lil Nas X,lgbtq+ hip hop
Out In The Middle,Zac Brown Band,contemporary country,country,country road,modern country rock
Blow,Moneybagg Yo,memphis hip hop,rap,southern hip hop,tennessee hip hop,trap
World's Smallest Violin,AJR,pov: indie
Oklahoma Smoke Show,Zach Bryan,
No Se Va,Grupo Frontera,musica chihuahuense
Down Home,Jimmie Allen,black americana,contemporary country,country road,modern country rock
Toxic,YG,cali rap,hip hop,pop rap,rap,southern hip hop,trap
Tennessee Orange,Megan Moroney,contemporary country,modern country pop
Gotta Move On,Diddy & Bryson Tiller,dance pop,east coast hip hop,hip hop,hip pop,pop rap,rap
Forget Me,Lewis Capaldi,pop,uk pop
What He Didn't Do,Carly Pearce,contemporary country,country,country road
Poland,Lil Yachty,atl hip hop,melodic rap,rap,trap
Heyy,Lil Baby,atl hip hop,atl trap,rap,trap
To The Bone,"Quavo, Takeoff & YoungBoy Never Broke Again",atl hip hop,melodic rap,rap,trap
Lokera,"Rauw Alejandro, Lyanno & Brray",puerto rican pop,reggaeton,trap latino,urbano latino
Walk,Kodak Black,florida drill,florida rap,melodic rap,miami hip hop,rap,trap,trap latino
California Breeze,Lil Baby,atl hip hop,atl trap,rap,trap
Forever,Lil Baby Featuring Fridayy,atl hip hop,atl trap,rap,trap
Real Spill,Lil Baby,atl hip hop,atl trap,rap,trap
Pop Out,Lil Baby & Nardo Wick,atl hip hop,atl trap,rap,trap
Never Hating,Lil Baby & Young Thug,atl hip hop,atl trap,rap,trap
Stand On It,Lil Baby,atl hip hop,atl trap,rap,trap
Not Finished,Lil Baby,atl hip hop,atl trap,rap,trap
Perfect Timing,Lil Baby,atl hip hop,atl trap,rap,trap
From Now On,Lil Baby Featuring Future,atl hip hop,atl trap,rap,trap
Waterfall Flow,Lil Baby,atl hip hop,atl trap,rap,trap
Everything,Lil Baby,atl hip hop,atl trap,rap,trap
Bye Bye,Marshmello & Juice WRLD,brostep,edm,pop,progressive electro house
Double Down,Lil Baby,atl hip hop,atl trap,rap,trap
Cost To Be Alive,Lil Baby & Rylo Rodriguez,atl hip hop,atl trap,rap,trap
Shiest Talk,Lil Baby Featuring Pooh Shiesty,atl hip hop,atl trap,rap,trap
Edging,Blink-182,alternative metal,modern rock,pop punk,punk,rock,socal pop punk
Top Priority,Lil Baby,atl hip hop,atl trap,rap,trap
Back And Forth,Lil Baby & EST Gee,atl hip hop,atl trap,rap,trap
Danger,Lil Baby,atl hip hop,atl trap,rap,trap
Russian Roulette,Lil Baby,atl hip hop,atl trap,rap,trap
FR,Lil Baby,atl hip hop,atl trap,rap,trap
No Fly Zone,Lil Baby,atl hip hop,atl trap,rap,trap
Stop Playin,Lil Baby Featuring Jeremih,atl hip hop,atl trap,rap,trap
Just Wanna Rock,Lil Uzi Vert,hip hop,melodic rap,philly rap,rage rap,rap,trap
Anti-Hero,Taylor Swift,pop
Lavender Haze,Taylor Swift,pop
Maroon,Taylor Swift,pop
Snow On The Beach,Taylor Swift Featuring Lana Del Rey,pop
Midnight Rain,Taylor Swift,pop
Bejeweled,Taylor Swift,pop
Question...?,Taylor Swift,pop
"You're On Your Own, Kid",Taylor Swift,pop
Karma,Taylor Swift,pop
Vigilante Shit,Taylor Swift,pop
Mastermind,Taylor Swift,pop
Labyrinth,Taylor Swift,pop
Sweet Nothing,Taylor Swift,pop
"Would've, Could've, Should've",Taylor Swift,pop
Bigger Than The Whole Sky,Taylor Swift,pop
The Great War,Taylor Swift,pop
Paris,Taylor Swift,pop
High Infidelity,Taylor Swift,pop
Glitch,Taylor Swift,pop
Dear Reader,Taylor Swift,pop
Monotonia,Shakira + Ozuna,colombian pop,dance pop,latin pop,pop
Made You Look,Meghan Trainor,hip pop,pop
Miss You,Oliver Tree & Robin Schulz,alternative hip hop
Lift Me Up,Rihanna,barbadian pop,pop,urban contemporary
Shirt,SZA,pop,r&b,rap
In My Head,Juice WRLD,chicago rap,melodic rap,rap
Thriller,Michael Jackson,r&b,soul
Monster Mash,"Bobby ""Boris"" Pickett And The Crypt-Kickers",
Ghostbusters,Ray Parker Jr.,theme
The Astronaut,JIN,k-pop
Ain't Safe,Trippie Redd & Don Toliver,melodic rap,rap,trap
300 Blackout,Kodak Black,florida drill,florida rap,melodic rap,miami hip hop,rap,trap,trap latino
Rich Flex,Drake & 21 Savage,canadian hip hop,canadian pop,hip hop,pop rap,rap
Major Distribution,Drake & 21 Savage,canadian hip hop,canadian pop,hip hop,pop rap,rap
On BS,Drake & 21 Savage,canadian hip hop,canadian pop,hip hop,pop rap,rap
Spin Bout U,Drake & 21 Savage,canadian hip hop,canadian pop,hip hop,pop rap,rap
Pussy & Millions,Drake & 21 Savage Featuring Travis Scott,canadian hip hop,canadian pop,hip hop,pop rap,rap
Privileged Rappers,Drake & 21 Savage,canadian hip hop,canadian pop,hip hop,pop rap,rap
Circo Loco,Drake & 21 Savage,canadian hip hop,canadian pop,hip hop,pop rap,rap
BackOutsideBoyz,Drake,canadian hip hop,canadian pop,hip hop,pop rap,rap
Hours In Silence,Drake & 21 Savage,canadian hip hop,canadian pop,hip hop,pop rap,rap
Broke Boys,Drake & 21 Savage,canadian hip hop,canadian pop,hip hop,pop rap,rap
Treacherous Twins,Drake & 21 Savage,canadian hip hop,canadian pop,hip hop,pop rap,rap
Middle Of The Ocean,Drake,canadian hip hop,canadian pop,hip hop,pop rap,rap
Jumbotron Shit Poppin,Drake,canadian hip hop,canadian pop,hip hop,pop rap,rap
More M’s,Drake & 21 Savage,canadian hip hop,canadian pop,hip hop,pop rap,rap
I Guess It's Fuck Me,Drake,canadian hip hop,canadian pop,hip hop,pop rap,rap
3AM On Glenwood,21 Savage,atl hip hop,hip hop,rap
Die For You,Joji,viral pop
My Mind & Me,Selena Gomez,pop,post-teen pop
Heart Like A Truck,Lainey Wilson,contemporary country,modern country pop
Break My Heart,Rod Wave,florida rap
"Going, Going, Gone",Luke Combs,contemporary country,country
Down In Atlanta,Pharrell Williams & Travis Scott,dance pop,pop
Got It Right,Rod Wave,florida rap
Here Comes Santa Claus (Right Down Santa Claus Lane),Gene Autry,classic oklahoma country,cowboy western,traditional country,yodeling
Blue Christmas,Elvis Presley,rock-and-roll,rockabilly
Last Christmas,Lauren Spencer-Smith,alt z,gen z singer-songwriter,singer-songwriter pop
Someday At Christmas,Lizzo,escape room,minnesota hip hop,pop,trap queen
Creepin',"Metro Boomin, The Weeknd & 21 Savage",rap
Superhero (Heroes & Villains),"Metro Boomin, Future & Chris Brown",rap
Too Many Nights,Metro Boomin Featuring Don Toliver & Future,rap
Umbrella,"Metro Boomin, 21 Savage & Young Nudy",rap
Niagara Falls (Foot Or 2),"Metro Boomin, Travis Scott & 21 Savage",rap
Raindrops (Insane),Metro Boomin & Travis Scott,rap
One Thing At A Time,Morgan Wallen,contemporary country
Trance,"Metro Boomin, Travis Scott & Young Thug",rap
Metro Spider,Metro Boomin & Young Thug,rap
On Time,Metro Boomin & John Legend,rap
Tennessee Fan,Morgan Wallen,contemporary country
Walk Em Down (Don't Kill Civilians),Metro Boomin & 21 Savage Featuring Mustafa,rap
Around Me,Metro Boomin Featuring Don Toliver,rap
I Can't Save You (Interlude),Metro Boomin & Future Featuring Don Toliver,rap
Days That End In Why,Morgan Wallen,contemporary country
Feel The Fiyaaaah,Metro Boomin & A$AP Rocky Featuring Takeoff,rap
Victoria's Secret,Jax,gen z singer-songwriter,singer-songwriter pop
All The Money,Metro Boomin & Gunna,rap
La Jumpa,Arcangel & Bad Bunny,latin hip hop,reggaeton,trap latino,urbano latino
Lock On Me,"Metro Boomin, Travis Scott & Future",rap
Wild Flower,RM With Youjeen,k-rap
"Santa, Can't You Hear Me",Kelly Clarkson & Ariana Grande,dance pop,pop,talent show
Blue Christmas,Kane Brown,black americana,contemporary country,country,country road
Escapism,RAYE Featuring 070 Shake,uk contemporary r&b,uk pop
Kill Bill,SZA,pop,r&b,rap
Nobody Gets Me,SZA,pop,r&b,rap
Blind,SZA,pop,r&b,rap
Low,SZA,pop,r&b,rap
Love Language,SZA,pop,r&b,rap
Seek & Destroy,SZA,pop,r&b,rap
Snooze,SZA,pop,r&b,rap
Used,SZA Featuring Don Toliver,pop,r&b,rap
SOS,SZA,pop,r&b,rap
Special,SZA,pop,r&b,rap
Ghost In The Machine,SZA Featuring Phoebe Bridgers,pop,r&b,rap
Gone Girl,SZA,pop,r&b,rap
Notice Me,SZA,pop,r&b,rap
Smoking On My Ex Pack,SZA,pop,r&b,rap
Open Arms,SZA Featuring Travis Scott,pop,r&b,rap
F2F,SZA,pop,r&b,rap
Conceited,SZA,pop,r&b,rap
Far,SZA,pop,r&b,rap
Too Late,SZA,pop,r&b,rap
Forgiveless,SZA Featuring Ol' Dirty Bastard,pop,r&b,rap
Water (Drowning Pt. 2),A Boogie Wit da Hoodie Featuring Kodak Black,melodic rap,rap,trap
Happy Xmas (War Is Over),John & Yoko/The Plastic Ono Band With The Harlem Community Choir,classic rock,rock
This Christmas,Donny Hathaway,chicago soul,classic soul,funk,neo soul,quiet storm,soul,southern soul
Linus And Lucy (Peanuts Theme),Vince Guaraldi Trio,
Face 2 Face,Juice WRLD,chicago rap,melodic rap,rap
Kid On Christmas,Pentatonix Featuring Meghan Trainor,a cappella,viral pop
(There's No Place Like) Home For The Holidays (1959),Perry Como With Mitchell Ayers And His Orchestra,adult standards,easy listening
Gato de Noche,Nengo Flow & Bad Bunny,reggaeton,trap latino,urbano latino
Que Vuelvas,Carin Leon X Grupo Frontera,corrido,musica mexicana,sad sierreno,sierreno
Bebe Dame,Fuerza Regida X Grupo Frontera,corrido,corridos tumbados,sad sierreno,sierreno
Bloody Mary,Lady Gaga,art pop,dance pop,pop
Handle On You,Parker McCollum,classic texas country,contemporary country,modern country pop,texas country
The Color Violet,Tory Lanez,canadian hip hop,canadian trap,melodic rap,pop rap,r&b,rap,trap
Here With Me,d4vd,bedroom pop,bedroom r&b
Shut Up My Moms Calling,Hotel Ugly,modern indie pop
Players,Coi Leray,new jersey underground rap,trap queen
Sure Thing,Miguel,r&b,urban contemporary
Black,YoungBoy Never Broke Again,baton rouge rap,rap
Ditto,NewJeans,k-pop,k-pop girl group
That's What Tequila Does,Jason Aldean,contemporary country,country,country road,modern country rock
You Didn't,Brett Young,contemporary country,country,country road
Flowers,Miley Cyrus,pop
"Bzrp Music Sessions, Vol. 53",Bizarrap & Shakira,argentine hip hop,pop venezolano,trap argentino,trap latino,urbano latino
On Wat U On,Moneybagg Yo x GloRilla,memphis hip hop,rap,southern hip hop,tennessee hip hop,trap
Nonsense,Sabrina Carpenter,pop
Vibe,TAEYANG Featuring Jimin,k-pop,korean r&b
OMG,NewJeans,k-pop,k-pop girl group
Human,Cody Johnson,classic texas country,contemporary country,modern country pop
Heart To Heart,Mac DeMarco,edmonton indie,lo-fi indie,pov: indie,slacker rock
King Snipe,Gucci Mane & Kodak Black,atl hip hop,dirty south rap,hip hop,pop rap,rap,southern hip hop,trap
Knight Crawler,Trippie Redd & Juice WRLD,melodic rap,rap,trap
Red,HARDY Featuring Morgan Wallen,contemporary country,modern country pop
10:35,Tiesto Featuring Tate McRae,big room,brostep,dutch edm,edm,house,pop dance,progressive electro house,slap house,trance
I Wish You Roses,Kali Uchis,colombian pop
Gangsta Boo,Ice Spice & Lil Tjay,bronx drill
Moonlight Sunrise,TWICE,k-pop,k-pop girl group,pop
Fully Loaded,"Trippie Redd, Future & Lil Baby",melodic rap,rap,trap
Krzy Train,Trippie Redd & Travis Scott,melodic rap,rap,trap
Next Thing You Know,Jordan Davis,contemporary country
AMG,"Gabito Ballesteros, Peso Pluma & Natanael Cano",corrido,corridos tumbados,musica mexicana,sad sierreno,sierreno
Do It Again,NLE Choppa & 2Rare,memphis hip hop,rap
Back End,Finesse2Tymes,memphis hip hop
Spit In My Face!,ThxSoMch,bedroom r&b
Last Night,Morgan Wallen,contemporary country
Love Again,The Kid LAROI,australian hip hop
Dawns,Zach Bryan Featuring Maggie Rogers,classic oklahoma country
I Wrote The Book,Morgan Wallen,contemporary country
Everything I Love,Morgan Wallen,contemporary country
Growin' Up And Gettin' Old,Luke Combs,contemporary country,country
I'm Not Here To Make Friends,Sam Smith,pop,uk pop
The Black Seminole.,Lil Yachty,atl hip hop,melodic rap,rap,trap
Fin de Semana,Junior H X Oscar Maydon,corrido
Hey Mor,Ozuna Featuring Feid,puerto rican pop,reggaeton,trap latino,urbano latino
Never Gonna Not Dance Again,P!nk,dance pop,pop
Dancin' In The Country,Tyler Hubbard,contemporary country,modern country pop
"Boy's A Liar, Pt. 2",PinkPantheress & Ice Spice,bedroom pop
X Si Volvemos,Karol G x Romeo Santos,reggaeton,reggaeton colombiano,urbano latino
PRC,Peso Pluma X Natanael Cano,corridos tumbados,sad sierreno
Watch The World Burn,Falling In Reverse,alternative metal,rap metal
In Ha Mood,Ice Spice,bronx drill
Yandel 150,Yandel & Feid,latin hip hop,reggaeton,trap latino,urbano latino
Love You Anyway,Luke Combs,contemporary country,country
Umbrella,Rihanna Featuring Jay-Z,barbadian pop,pop,urban contemporary
Lost,Linkin Park,alternative metal,nu metal,post-grunge,rap metal,rock
Diamonds,Rihanna,barbadian pop,pop,urban contemporary
We Found Love,Rihanna Featuring Calvin Harris,barbadian pop,pop,urban contemporary
Special,Lizzo Featuring SZA,escape room,minnesota hip hop,pop,trap queen
Fix'n To Break,Bailey Zimmerman,contemporary country,modern country pop
Painting Pictures,Superstar Pride,southern hip hop
Hope,NF,hip hop,pop rap
Favorite Song,Toosii,north carolina hip hop
Watch This (ARIZONATEARS Pluggnb Remix),Lil Uzi Vert,
Heaven,Niall Horan,pop
No Time Wasted,Polo G & Future,chicago rap,rap
Ceilings,Lizzy McAlpine,alt z,boston folk,indie pop,singer-songwriter pop
Lottery,Latto Featuring LU KALA,trap queen
Trustfall,P!nk,dance pop,pop
Slut Me Out,NLE Choppa,memphis hip hop,rap
Gold,Dierks Bentley,contemporary country,country,country road
TQG,Karol G x Shakira,reggaeton,reggaeton colombiano,urbano latino
Kant Nobody,Lil Wayne Featuring DMX,hip hop,new orleans rap,pop rap,rap,trap
Mientras Me Curo del Cora,Karol G,reggaeton,reggaeton colombiano,urbano latino
Gucci Los Panos,Karol G,reggaeton,reggaeton colombiano,urbano latino
Private Landing,Don Toliver Featuring Justin Bieber & Future,rap
Tus Gafitas,Karol G,reggaeton,reggaeton colombiano,urbano latino
No More Talk,Yeat,pluggnb,rage rap
Split,Yeat,pluggnb,rage rap
Cairo,Karol G & Ovy On The Drums,reggaeton,reggaeton colombiano,urbano latino
Shmunk,Yeat Featuring YoungBoy Never Broke Again,pluggnb,rage rap
Pero Tu,Karol G & Quevedo,reggaeton,reggaeton colombiano,urbano latino
Dirt,Key Glock,memphis hip hop,rap,southern hip hop,tennessee hip hop,trap
Joe,Luke Combs,contemporary country,country
Ojos Ferrari,"Karol G, Justin Quiles & Angel Dior",reggaeton,reggaeton colombiano,urbano latino
Besties,Karol G,reggaeton,reggaeton colombiano,urbano latino
Manana Sera Bonito,Karol G & Carla Morrison,reggaeton,reggaeton colombiano,urbano latino
Die 4 Me,Halsey,electropop,etherpop,indie poptimism,pop
Thinkin' Bout Me,Morgan Wallen,contemporary country
Ain't That Some,Morgan Wallen,contemporary country
Red Ruby Da Sleeze,Nicki Minaj,hip pop,pop,queens hip hop,rap
Man Made A Bar,Morgan Wallen Featuring Eric Church,contemporary country
'98 Braves,Morgan Wallen,contemporary country
Devil Don't Know,Morgan Wallen,contemporary country
Sunrise,Morgan Wallen,contemporary country
Born With A Beer In My Hand,Morgan Wallen,contemporary country
Whiskey Friends,Morgan Wallen,contemporary country
Tennessee Numbers,Morgan Wallen,contemporary country
Cowgirls,Morgan Wallen Featuring ERNEST,contemporary country
Hope That's True,Morgan Wallen,contemporary country
Dying Man,Morgan Wallen,contemporary country
Keith Whitley,Morgan Wallen,contemporary country
In The Bible,Morgan Wallen Featuring HARDY,contemporary country
Neon Star (Country Boy Lullaby),Morgan Wallen,contemporary country
Me + All Your Reasons,Morgan Wallen,contemporary country
I Deserve A Drink,Morgan Wallen,contemporary country
F150-50,Morgan Wallen,contemporary country
Single Than She Was,Morgan Wallen,contemporary country
Wine Into Water,Morgan Wallen,contemporary country
On The Street,j-hope With J. Cole,k-pop,k-rap
180 (Lifestyle),Morgan Wallen,contemporary country
Last Drive Down Main,Morgan Wallen,contemporary country
Good Girl Gone Missin',Morgan Wallen,contemporary country
Me To Me,Morgan Wallen,contemporary country
Money On Me,Morgan Wallen,contemporary country
Had It,Morgan Wallen,contemporary country
Outlook,Morgan Wallen,contemporary country
River,Miley Cyrus,pop
Jaded,Miley Cyrus,pop
Thousand Miles,Miley Cyrus Featuring Brandi Carlile,pop
Rose Colored Lenses,Miley Cyrus,pop
Por Las Noches,Peso Pluma,corridos tumbados,sad sierreno
All Of The Girls You Loved Before,Taylor Swift,pop
Ella Baila Sola,Eslabon Armado X Peso Pluma,corrido,corridos tumbados,sad sierreno,sierreno
"Set Me Free, Pt. 2",Jimin,k-pop
5 Leaf Clover,Luke Combs,contemporary country,country
Eat Your Young,Hozier,irish singer-songwriter,modern rock,pop,pov: indie
La Bebe,Yng Lvcas x Peso Pluma,reggaeton,urbano mexicano
El Gordo Trae El Mando,Chino Pacas,corrido
Coco Chanel,Eladio Carrion & Bad Bunny,trap boricua,trap latino,trap triste,urbano latino
ICU,Coco Jones,pop r&b
Moonlight,Kali Uchis,colombian pop
Death,Melanie Martinez,alt z,electropop,pop
Nasty,Russ,hawaiian hip hop,pop rap
Cupid,Fifty Fifty,k-pop girl group
Like Crazy,Jimin,k-pop
Eyes Closed,Ed Sheeran,pop,singer-songwriter pop,uk pop
Fast Car,Luke Combs,contemporary country,country
Low Down,Lil Baby,atl hip hop,atl trap,rap,trap
Beso,Rosalia & Rauw Alejandro,pop,r&b en espanol
Don't Play With It,Lola Brooke X Latto X Yung Miami Or Featuring Billy B,trap queen
Dogtooth,"Tyler, The Creator",hip hop,rap
The Light,Juice WRLD,chicago rap,melodic rap,rap
Ch y La Pizza,Fuerza Regida X Natanael Cano,corrido,corridos tumbados,sad sierreno,sierreno
Memory Lane,Old Dominion,contemporary country,country,country road,modern country rock
Fight The Feeling,Rod Wave,florida rap
Sorry Not Sorry,"Tyler, The Creator",hip hop,rap
Void,Melanie Martinez,alt z,electropop,pop
Need A Favor,Jelly Roll,country rap,modern country pop,nashville hip hop,tennessee hip hop
WHARF TALK,"Tyler, The Creator Featuring A$AP Rocky",hip hop,rap
I Know,Kanii,bedroom r&b,krushclub,sped up
Hot Boy,Nardo Wick Featuring Lil Baby,florida drill,florida rap,southern hip hop
Search & Rescue,Drake,canadian hip hop,canadian pop,hip hop,pop rap,rap
Happy,NF,hip hop,pop rap
Strike (Holster),Lil Yachty,atl hip hop,melodic rap,rap,trap
Peaches,Jack Black,comedy rock,comic
Careful,NF & Cordae,hip hop,pop rap
El Azul,Junior H x Peso Pluma,corrido,corridos tumbados,musica mexicana,sad sierreno,sierreno
Never Felt So Alone,Labrinth,indie poptimism,pop
WTF,YoungBoy Never Broke Again Featuring Nicki Minaj,baton rouge rap,rap
Princess Diana,Ice Spice & Nicki Minaj,bronx drill
Chemical,Post Malone,dfw rap,melodic rap,pop,rap
Un x100to,Grupo Frontera X Bad Bunny,musica chihuahuense
Daylight,David Kushner,gen z singer-songwriter,singer-songwriter pop
See You Again,"Tyler, The Creator Featuring Kali Uchis",hip hop,rap
Chanel,Becky G & Peso Pluma,latin pop,latin viral pop,rap latina,reggaeton,trap latino,urbano latino
Igualito A Mi Apa,Fuerza Regida & Peso Pluma,corrido,corridos tumbados,sad sierreno,sierreno
Di Que Si,Grupo Marca Registrada X Grupo Frontera,corrido,norteno,sad sierreno
It Matters To Her,Scotty McCreery,contemporary country,country,country road,modern country rock
Double Fantasy,The Weeknd Featuring Future,canadian contemporary r&b,canadian pop,pop
Alone,Kim Petras Featuring Nicki Minaj,alt z,dance pop,pop,transpop
Haegeum,Agust D,k-rap
Fragil,Yahritza y Su Esencia x Grupo Frontera,sad sierreno
Big Truck,YoungBoy Never Broke Again,baton rouge rap,rap
They Don't Love It,Jack Harlow,deep underground hip hop,hip hop,kentucky hip hop,pop rap,rap
Wreckage,Nate Smith,contemporary country,modern country pop
Waffle House,Jonas Brothers,boy band,pop
People,Libianca,afrobeats
Common Ground,Jack Harlow,deep underground hip hop,hip hop,kentucky hip hop,pop rap,rap
Area Codes,Kali,rap,viral rap
Go Hard,Lil Baby,atl hip hop,atl trap,rap,trap
Religiously,Bailey Zimmerman,contemporary country,modern country pop
Mejor Que Yo,"Anuel AA, Mambo Kingz & DJ Luian",reggaeton,reggaeton flow,trap boricua,trap latino,urbano latino
"You, Me, & Whiskey",Justin Moore & Priscilla Block,arkansas country,contemporary country,country,country road
Mathematical Disrespect,Lil Mabu,
Shake Sumn,DaBaby,hip hop,north carolina hip hop,pop rap,rap,trap
Curtains,Ed Sheeran,pop,singer-songwriter pop,uk pop
What It Is (Block Boy),Doechii Featuring Kodak Black,alternative r&b
All My Life,Lil Durk Featuring J. Cole,chicago drill,chicago rap,drill,hip hop,pop rap,rap,trap
Bitch Let's Do It,YoungBoy Never Broke Again,baton rouge rap,rap
Life Goes On,Ed Sheeran Featuring Luke Combs,pop,singer-songwriter pop,uk pop
Acrostico,Shakira,colombian pop,dance pop,latin pop,pop
Bury Me In Georgia,Kane Brown,black americana,contemporary country,country,country road
F**k The Industry Pt. 2,YoungBoy Never Broke Again,
Everything She Ain't,Hailey Whitters,contemporary country,country pop,modern country pop
Your Heart Or Mine,Jon Pardi,contemporary country,country,country road,modern country rock
I Heard,YoungBoy Never Broke Again,baton rouge rap,rap
Where She Goes,Bad Bunny,reggaeton,trap latino,urbano latino
TQM,Fuerza Regida,corrido,corridos tumbados,sad sierreno,sierreno
Mourning,Post Malone,dfw rap,melodic rap,pop,rap
America Has A Problem,Beyonce Featuring Kendrick Lamar,pop,r&b
Cruel Summer,Taylor Swift,pop
Say Yes To Heaven,Lana Del Rey,art pop,pop
"To Summer, From Cole (Audio Hug)",Summer Walker & J. Cole,r&b,rap
"Angel, Pt. 1","Kodak Black, NLE Choppa, Jimin, JVKE & Muni Long",florida drill,florida rap,melodic rap,miami hip hop,rap,trap,trap latino
You,Dan + Shay,contemporary country,country,country road
Baby Don't Hurt Me,"David Guetta, Anne-Marie & Coi Leray",big room,dance pop,edm,pop,pop dance
Karma,Taylor Swift Featuring Ice Spice,pop
Stand By Me,Lil Durk Featuring Morgan Wallen,chicago drill,chicago rap,drill,hip hop,pop rap,rap,trap
Hits Different,Taylor Swift,pop
Pelle Coat,Lil Durk,chicago drill,chicago rap,drill,hip hop,pop rap,rap,trap
War Bout It,Lil Durk Featuring 21 Savage,chicago drill,chicago rap,drill,hip hop,pop rap,rap,trap
Dance The Night,Dua Lipa,dance pop,pop,uk pop
Bye,Peso Pluma,corridos tumbados,sad sierreno
Never Imagined,Lil Durk Featuring Future,chicago drill,chicago rap,drill,hip hop,pop rap,rap,trap
Never Again,Lil Durk,chicago drill,chicago rap,drill,hip hop,pop rap,rap,trap
Pound Town 2,Sexyy Red & Tay Keith & Nicki Minaj,trap queen
Big Dawg,Lil Durk & Chief Wuk,chicago drill,chicago rap,drill,hip hop,pop rap,rap,trap
Cross The Globe,Lil Durk Featuring Juice WRLD,chicago drill,chicago rap,drill,hip hop,pop rap,rap,trap
Put Em On Ice,Lil Durk,chicago drill,chicago rap,drill,hip hop,pop rap,rap,trap
300 Urus,Lil Durk,chicago drill,chicago rap,drill,hip hop,pop rap,rap,trap
Sad Songs,Lil Durk,chicago drill,chicago rap,drill,hip hop,pop rap,rap,trap
Grandson,Lil Durk Featuring Kodak Black,chicago drill,chicago rap,drill,hip hop,pop rap,rap,trap
Before Fajr,Lil Durk,chicago drill,chicago rap,drill,hip hop,pop rap,rap,trap
B12,Lil Durk,chicago drill,chicago rap,drill,hip hop,pop rap,rap,trap
You Got Em,Lil Durk,chicago drill,chicago rap,drill,hip hop,pop rap,rap,trap
Put It On Da Floor Again,Latto Featuring Cardi B,trap queen
"Bzrp Music Sessions, Vol. 55",Bizarrap & Peso Pluma,argentine hip hop,pop venezolano,trap argentino,trap latino,urbano latino
Calling,"Metro Boomin, Swae Lee & NAV Featuring A Boogie Wit da Hoodie",rap
Popular,"The Weeknd, Playboi Carti & Madonna",canadian contemporary r&b,canadian pop,pop
Annihilate,"Metro Boomin, Swae Lee, Lil Wayne & Offset",rap
Bread & Butter,Gunna,atl hip hop,melodic rap,rap,trap
Am I Dreaming,"Metro Boomin, A$AP Rocky & Roisee",rap
Keep It Low,Moneybagg Yo Featuring Future,memphis hip hop,rap,southern hip hop,tennessee hip hop,trap
All The Way Live,"Metro Boomin, Future & Lil Uzi Vert",rap
Self Love,Metro Boomin & Coi Leray,rap
Ocean Spray,Moneybagg Yo,memphis hip hop,rap,southern hip hop,tennessee hip hop,trap
Save Me,Jelly Roll With Lainey Wilson,country rap,modern country pop,nashville hip hop,tennessee hip hop
Hummingbird,Metro Boomin & James Blake,rap
Peaches & Eggplants,Young Nudy Featuring 21 Savage,pluggnb,rap,southern hip hop,trap
Danger (Spider),Offset & JID,atl hip hop,hip hop,pop rap,rap,trap
Dial Drunk,Noah Kahan,pov: indie,singer-songwriter pop
Take Two,BTS,k-pop,k-pop boy group,pop
Plebada,El Alfa x Peso Pluma,dembow,rap dominicano,trap latino,urbano latino
Truck Bed,HARDY,contemporary country,modern country pop
The Hillbillies,Baby Keem & Kendrick Lamar,hip hop,rap
Fukumean,Gunna,atl hip hop,melodic rap,rap,trap
Back To The Moon,Gunna,atl hip hop,melodic rap,rap,trap
Attention,Doja Cat,dance pop,pop
Rodeo Dr,Gunna,atl hip hop,melodic rap,rap,trap
Back At It,Gunna,atl hip hop,melodic rap,rap,trap
Ca$h $hit,Gunna,atl hip hop,melodic rap,rap,trap
Bottom,Gunna,atl hip hop,melodic rap,rap,trap
IDK NoMore,Gunna,atl hip hop,melodic rap,rap,trap
P Angels,Gunna,atl hip hop,melodic rap,rap,trap
Paybach,Gunna,atl hip hop,melodic rap,rap,trap
Go Crazy,Gunna,atl hip hop,melodic rap,rap,trap
Girl In Mine,Parmalee,contemporary country,country road,modern country rock,modern uplift
Classy 101,Feid x Young Miko,colombian pop,pop reggaeton,reggaeton,reggaeton colombiano,trap latino,urbano latino
Bluffin,Gucci Mane & Lil Baby,atl hip hop,dirty south rap,hip hop,pop rap,rap,southern hip hop,trap
Barbie World,Nicki Minaj & Ice Spice With Aqua,hip pop,pop,queens hip hop,rap
Oh U Went,Young Thug Featuring Drake,atl hip hop,atl trap,gangster rap,hip hop,melodic rap,rap,trap
Sabor Fresa,Fuerza Regida,corrido,corridos tumbados,sad sierreno,sierreno
Luna,Peso Pluma & Junior H,corridos tumbados,sad sierreno
Lady Gaga,"Peso Pluma, Gabito Ballesteros & Junior H",corridos tumbados,sad sierreno
Parade On Cleveland,Young Thug Featuring Drake,atl hip hop,atl trap,gangster rap,hip hop,melodic rap,rap,trap
Cars Bring Me Out,Young Thug Featuring Future,atl hip hop,atl trap,gangster rap,hip hop,melodic rap,rap,trap
VVS,"Peso Pluma, Edgardo Nunez & Los Dareyes de La Sierra",corridos tumbados,sad sierreno
Wit Da Racks,"Young Thug Featuring 21 Savage, Travis Scott & Yak Gotti",atl hip hop,atl trap,gangster rap,hip hop,melodic rap,rap,trap
Doomsday.,Juice WRLD & Cordae,
Want Me Dead,Young Thug Featuring 21 Savage,atl hip hop,atl trap,gangster rap,hip hop,melodic rap,rap,trap
Rubicon,Peso Pluma,corridos tumbados,sad sierreno
Hellcat Kenny,Young Thug Featuring Lil Uzi Vert,atl hip hop,atl trap,gangster rap,hip hop,melodic rap,rap,trap
Money On The Dresser,Young Thug,atl hip hop,atl trap,gangster rap,hip hop,melodic rap,rap,trap
Uncle M,Young Thug,atl hip hop,atl trap,gangster rap,hip hop,melodic rap,rap,trap
Nueva Vida,Peso Pluma,corridos tumbados,sad sierreno
Watermelon Moonshine,Lainey Wilson,contemporary country,modern country pop
Lagunas,Peso Pluma & Jasiel Nunez,corridos tumbados,sad sierreno
Rosa Pastel,Peso Pluma & Jasiel Nunez,corridos tumbados,sad sierreno
Abracadabra,Young Thug Featuring Travis Scott,atl hip hop,atl trap,gangster rap,hip hop,melodic rap,rap,trap
Gucci Grocery Bag,Young Thug,atl hip hop,atl trap,gangster rap,hip hop,melodic rap,rap,trap
Vampire,Olivia Rodrigo,pop
Flooded The Face,Lil Uzi Vert,hip hop,melodic rap,philly rap,rage rap,rap,trap
Endless Fashion,Lil Uzi Vert Featuring Nicki Minaj,hip hop,melodic rap,philly rap,rage rap,rap,trap
Suicide Doors,Lil Uzi Vert,hip hop,melodic rap,philly rap,rage rap,rap,trap
Aye,Lil Uzi Vert Featuring Travis Scott,hip hop,melodic rap,philly rap,rage rap,rap,trap
Tulum,Peso Pluma & Grupo Frontera,corridos tumbados,sad sierreno
Area Codes,Kaliii,rap,viral rap
I Gotta,Lil Uzi Vert,hip hop,melodic rap,philly rap,rage rap,rap,trap
Party In The U.S.A.,Miley Cyrus,pop
Spin Again,Lil Uzi Vert,hip hop,melodic rap,philly rap,rage rap,rap,trap
Crush Em,Lil Uzi Vert,hip hop,melodic rap,philly rap,rage rap,rap,trap
X2,Lil Uzi Vert,hip hop,melodic rap,philly rap,rage rap,rap,trap
Mojabi Ghost,Tainy & Bad Bunny,pop reggaeton,reggaeton,trap latino,urbano latino
Pluto To Mars,Lil Uzi Vert,hip hop,melodic rap,philly rap,rage rap,rap,trap
"Mama, I'm Sorry",Lil Uzi Vert,hip hop,melodic rap,philly rap,rage rap,rap,trap
Amped,Lil Uzi Vert,hip hop,melodic rap,philly rap,rage rap,rap,trap
Patience,Lil Uzi Vert Featuring Don Toliver,hip hop,melodic rap,philly rap,rage rap,rap,trap
Nakamura,Lil Uzi Vert,hip hop,melodic rap,philly rap,rage rap,rap,trap
All Alone,Lil Uzi Vert,hip hop,melodic rap,philly rap,rage rap,rap,trap
Died And Came Back,Lil Uzi Vert,hip hop,melodic rap,philly rap,rage rap,rap,trap
Werewolf,Lil Uzi Vert Featuring Bring Me The Horizon,hip hop,melodic rap,philly rap,rage rap,rap,trap
Zoom,Lil Uzi Vert,hip hop,melodic rap,philly rap,rage rap,rap,trap
That Fiya,Lil Uzi Vert,hip hop,melodic rap,philly rap,rage rap,rap,trap
We Didn't Start The Fire,Fall Out Boy,emo,modern rock,pop,rock
I Can See You (Taylor's Version) (From The Vault),Taylor Swift,pop
Mine (Taylor's Version),Taylor Swift,pop
Back To December (Taylor's Version),Taylor Swift,pop
Enchanted (Taylor's Version),Taylor Swift,pop
Sparks Fly (Taylor's Version),Taylor Swift,pop
Dear John (Taylor's Version),Taylor Swift,pop
Better Than Revenge (Taylor's Version),Taylor Swift,pop
Castles Crumbling (Taylor's Version) (From The Vault),Taylor Swift Featuring Hayley Williams,pop
Speak Now (Taylor's Version),Taylor Swift,pop
When Emma Falls In Love (Taylor's Version) (From The Vault),Taylor Swift,pop
Electric Touch (Taylor's Version) (From The Vault),Taylor Swift Featuring Fall Out Boy,pop
Mean (Taylor's Version),Taylor Swift,pop
Foolish One (Taylor's Version) (From The Vault),Taylor Swift,pop
The Story Of Us (Taylor's Version),Taylor Swift,pop
Timeless (Taylor's Version) (From The Vault),Taylor Swift,pop
Haunted (Taylor's Version),Taylor Swift,pop
Long Live (Taylor's Version),Taylor Swift,pop
Last Kiss (Taylor's Version),Taylor Swift,pop
Never Grow Up (Taylor's Version),Taylor Swift,pop
Innocent (Taylor's Version),Taylor Swift,pop
Super Shy,NewJeans,k-pop,k-pop girl group
Ours (Taylor's Version),Taylor Swift,pop
Superman (Taylor's Version),Taylor Swift,pop
Point Me 2,FendiDa Rappa With Cardi B,
LaLa,Myke Towers,reggaeton,trap latino,urbano latino
Seven,Jung Kook Featuring Latto,k-pop
Try That In A Small Town,Jason Aldean,contemporary country,country,country road,modern country rock
What Was I Made For?,Billie Eilish,art pop,pop
Overdrive,Post Malone,dfw rap,melodic rap,pop,rap
S91,Karol G,reggaeton,reggaeton colombiano,urbano latino
Rush,Troye Sivan,australian pop,pop,viral pop
Save Me The Trouble,Dan + Shay,contemporary country,country,country road
Turn Yo Clic Up,Quavo & Future,atl hip hop,melodic rap,rap,trap
Quema,Ryan Castro x Pe$o Pluma,reggaeton,trap colombiano,trap latino,urbano latino
Angels Don't Always Have Wings,Thomas Rhett,contemporary country,country,country road,modern country rock
Thang For You,Rylo Rodriguez Featuring NoCap,alabama rap,atl trap,tennessee hip hop
Johnny Dang,"That Mexican OT, Paul Wall & DRODi",texas latin rap
K-POP,"Travis Scott, Bad Bunny & The Weeknd",rap,slap house
Dial Drunk,Noah Kahan With Post Malone,pov: indie,singer-songwriter pop
White Horse,Chris Stapleton,contemporary country,outlaw country
Deli,Ice Spice,bronx drill
Heartbroken,"Diplo, Jessie Murph & Polo G",dance pop,edm,electro house,moombahton,pop dance
Speed Drive,Charli XCX,art pop,candy pop,metropopolis,pop,uk pop
ETA,NewJeans,k-pop,k-pop girl group
I'm Just Ken,Ryan Gosling,hollywood
But I Got A Beer In My Hand,Luke Bryan,contemporary country,country,country road,modern country rock
Cool With You,NewJeans,k-pop,k-pop girl group
Talibans II,Burna Boy & Byron Messia,afrobeats,dancehall,nigerian hip hop,nigerian pop
Equal Dirt,Rylo Rodriguez,alabama rap,atl trap,tennessee hip hop
Meltdown,Travis Scott Featuring Drake,rap,slap house
FE!N,Travis Scott Featuring Playboi Carti,rap,slap house
I Know ?,Travis Scott,rap,slap house
Hyaena,Travis Scott,rap,slap house
Thank God,Travis Scott,rap,slap house
Topia Twins,Travis Scott Featuring Rob49 & 21 Savage,rap,slap house
My Eyes,Travis Scott,rap,slap house
Modern Jam,Travis Scott Featuring Teezo Touchdown,rap,slap house
Delresto (Echoes),Travis Scott & Beyonce,rap,slap house
Telekinesis,Travis Scott Featuring SZA & Future,rap,slap house
Sirens,Travis Scott,rap,slap house
God's Country,Travis Scott,rap,slap house
Skitzo,Travis Scott Featuring Young Thug,rap,slap house
Circus Maximus,Travis Scott Featuring The Weeknd & Swae Lee,rap,slap house
Til Further Notice,Travis Scott Featuring James Blake & 21 Savage,rap,slap house
In Your Love,Tyler Childers,kentucky indie,kentucky roots,outlaw country
Lost Forever,Travis Scott Featuring Westside Gunn,rap,slap house
Looove,Travis Scott Featuring Kid Cudi,rap,slap house
Parasail,Travis Scott Featuring Yung Lean & Dave Chappelle,rap,slap house
Jealousy,Offset & Cardi B,atl hip hop,hip hop,pop rap,rap,trap
Enough Is Enough,Post Malone,dfw rap,melodic rap,pop,rap
Something Real,Post Malone,dfw rap,melodic rap,pop,rap
On The Radar Freestyle,Drake & Central Cee,canadian hip hop,canadian pop,hip hop,pop rap,rap
Too Cool To Die,Post Malone,dfw rap,melodic rap,pop,rap
Don't Understand,Post Malone,dfw rap,melodic rap,pop,rap
Aqui Te Espero,Ivan Cornejo,sad sierreno
Novacandy,Post Malone,dfw rap,melodic rap,pop,rap
Paint The Town Red,Doja Cat,dance pop,pop
Blank Space,Taylor Swift,pop
Good Good,"Usher, Summer Walker & 21 Savage",atl hip hop,contemporary r&b,dance pop,pop,r&b,rap,south carolina hip hop,urban contemporary
El Amor de Su Vida,Grupo Frontera & Grupo Firme,musica chihuahuense
Rich Men North Of Richmond,Oliver Anthony Music,modern country pop
Bad Idea Right?,Olivia Rodrigo,pop
Mi Ex Tenia Razon,Karol G,reggaeton,reggaeton colombiano,urbano latino
Qlona,Karol G & Peso Pluma,reggaeton,reggaeton colombiano,urbano latino
Supposed To Be Loved,"DJ Khaled, Lil Baby, Future & Lil Uzi Vert",hip hop,miami hip hop,pop rap,rap
The Painter,Cody Johnson,classic texas country,contemporary country,modern country pop
Una Noche En Medellin (Remix),"Karol G, Cris Mj & Ryan Castro",
Aint Gotta Dollar,Oliver Anthony Music,modern country pop
Oki Doki,Karol G,reggaeton,reggaeton colombiano,urbano latino
Pretty Little Poison,Warren Zeiders,modern country pop
Amargura,Karol G,reggaeton,reggaeton colombiano,urbano latino
Love Me Again,V,j-division,korean ost
Mona Lisa,Dominic Fike,alternative pop rock,pov: indie
Lose Control,Teddy Swims,
Call Your Friends,Rod Wave,florida rap
Standing Room Only,Tim McGraw,contemporary country,country,country road
Barely Holdin' On,Polo G,chicago rap,rap
F*ck U Thought,Lil Durk,chicago drill,chicago rap,drill,hip hop,pop rap,rap,trap
Summer Too Hot,Chris Brown,r&b,rap
I Remember Everything,Zach Bryan Featuring Kacey Musgraves,classic oklahoma country
Used To Be Young,Miley Cyrus,pop
Hey Driver,Zach Bryan Featuring The War And Treaty,classic oklahoma country
Spotless,Zach Bryan Featuring The Lumineers,classic oklahoma country
East Side Of Sorrow,Zach Bryan,classic oklahoma country
Single Soon,Selena Gomez,pop,post-teen pop
Tourniquet,Zach Bryan,classic oklahoma country
Overtime,Zach Bryan,classic oklahoma country
Summertime's Close,Zach Bryan,classic oklahoma country
Fear And Friday's,Zach Bryan,classic oklahoma country
Ticking,Zach Bryan,classic oklahoma country
El Dorado,Zach Bryan,classic oklahoma country
Holy Roller,Zach Bryan Featuring Sierra Ferrell,classic oklahoma country
Smaller Acts,Zach Bryan,classic oklahoma country
Fear And Friday's (Poem),Zach Bryan,classic oklahoma country
Jake's Piano - Long Island,Zach Bryan,classic oklahoma country
Tradesman,Zach Bryan,classic oklahoma country
Oklahoman Son,Zach Bryan,classic oklahoma country
Sittin' On Top Of The World,Burna Boy,afrobeats,dancehall,nigerian hip hop,nigerian pop
There I Go,Gucci Mane Featuring J. Cole & Mike WiLL Made-It,atl hip hop,dirty south rap,hip hop,pop rap,rap,southern hip hop,trap
Primera Cita,Carin Leon,corrido,musica mexicana,sad sierreno,sierreno
On My Mama,Victoria Monet,alternative r&b,r&b
Last Time I Saw You,Nicki Minaj,hip pop,pop,queens hip hop,rap
Margaritaville,Jimmy Buffett,trop rock
Demons,Doja Cat,dance pop,pop
Come See Me,Rod Wave,florida rap
Que Onda,Calle 24 x Chino Pacas x Fuerza Regida,corrido,corridos tumbados,sad sierreno,sierreno
SkeeYee,Sexyy Red,trap queen
Keep Going Up!,"Timbaland, Nelly Furtado & Justin Timberlake",dance pop,pop,pop rap
Get Him Back!,Olivia Rodrigo,pop
All-American Bitch,Olivia Rodrigo,pop
Bongos,Cardi B & Megan Thee Stallion,pop,rap
The Grudge,Olivia Rodrigo,pop
Making The Bed,Olivia Rodrigo,pop
Logical,Olivia Rodrigo,pop
Lacy,Olivia Rodrigo,pop
Ballad Of A Homeschooled Girl,Olivia Rodrigo,pop
Love Is Embarrassing,Olivia Rodrigo,pop
Pretty Isn't Pretty,Olivia Rodrigo,pop
Teenage Dream,Olivia Rodrigo,pop
Slow Dancing,V,j-division,korean ost
Bipolar,Peso Pluma x Jasiel Nunez x Junior H,corridos tumbados,sad sierreno
Slime You Out,Drake Featuring SZA,canadian hip hop,canadian pop,hip hop,pop rap,rap
Turks & Caicos,Rod Wave Featuring 21 Savage,florida rap
Boyz Don't Cry,Rod Wave,florida rap
Great Gatsby,Rod Wave,florida rap
Greedy,Tate McRae,pop
Long Journey,Rod Wave,florida rap
Nostalgia,Rod Wave & Wet,florida rap
Crazy,Rod Wave,florida rap
HG4,Rod Wave,florida rap
Checkmate,Rod Wave,florida rap
Love For A Thug,Rod Wave,florida rap
2018,Rod Wave & Sadie Jean,florida rap
Keep It G,Rod Wave,florida rap
Pass You By,Rod Wave,florida rap
Love Story/Interlude,Rod Wave,florida rap
Back Lit,Rod Wave,florida rap
Another One Of Me,"Diddy, French Montana & The Weeknd Featuring 21 Savage",dance pop,east coast hip hop,hip hop,hip pop,pop rap,rap
Strangers,Kenya Grace,singer-songwriter pop
Rap Beef,Rod Wave,florida rap
Lil Boo Thang,Paul Russell,indie r&b
Sarah's Place,Zach Bryan Featuring Noah Kahan,classic oklahoma country
Agora Hills,Doja Cat,dance pop,pop
Boys Of Faith,Zach Bryan Featuring Bon Iver,classic oklahoma country
Deep Satin,Zach Bryan,classic oklahoma country
Nine Ball,Zach Bryan,classic oklahoma country
El Jefe,Shakira X Fuerza Regida,colombian pop,dance pop,latin pop,pop
500lbs,Lil Tecca,melodic rap,pluggnb,rap
One More Time,Blink-182,alternative metal,modern rock,pop punk,punk,rock,socal pop punk
Un Preview,Bad Bunny,reggaeton,trap latino,urbano latino
"Pain, Sweet, Pain",Zach Bryan,classic oklahoma country
My Love Mine All Mine,Mitski,brooklyn indie,pov: indie
Segun Quien,Maluma & Carin Leon,latin pop,reggaeton,reggaeton colombiano,trap latino,urbano latino
HVN On Earth,Lil Tecca & Kodak Black,melodic rap,pluggnb,rap
Can't Have Mine,Dylan Scott,contemporary country,country road,modern country rock
3D,Jung Kook & Jack Harlow,k-pop
Better Place,*NSYNC,boy band,dance pop,pop
Mamaw's House,Thomas Rhett Featuring Morgan Wallen,contemporary country,country,country road,modern country rock
Water,Tyla,
Stick Season,Noah Kahan,pov: indie,singer-songwriter pop
Shaq & Kobe,Rick Ross & Meek Mill,dirty south rap,gangster rap,hip hop,rap,southern hip hop,trap
Stars Like Confetti,Dustin Lynch,contemporary country,country,country road,modern country rock
God Gave Me A Girl,Russell Dickerson,contemporary country,country,country road,modern country rock
The Secret Recipe,Lil Yachty & J. Cole,atl hip hop,melodic rap,rap,trap
First Person Shooter,Drake Featuring J. Cole,canadian hip hop,canadian pop,hip hop,pop rap,rap
IDGAF,Drake Featuring Yeat,canadian hip hop,canadian pop,hip hop,pop rap,rap
Virginia Beach,Drake,canadian hip hop,canadian pop,hip hop,pop rap,rap
Calling For You,Drake Featuring 21 Savage,canadian hip hop,canadian pop,hip hop,pop rap,rap
Daylight,Drake,canadian hip hop,canadian pop,hip hop,pop rap,rap
Fear Of Heights,Drake,canadian hip hop,canadian pop,hip hop,pop rap,rap
Rich Baby Daddy,Drake Featuring Sexyy Red & SZA,canadian hip hop,canadian pop,hip hop,pop rap,rap
Gently,Drake Featuring Bad Bunny,canadian hip hop,canadian pop,hip hop,pop rap,rap
Amen,Drake Featuring Teezo Touchdown,canadian hip hop,canadian pop,hip hop,pop rap,rap
7969 Santa,Drake,canadian hip hop,canadian pop,hip hop,pop rap,rap
8am In Charlotte,Drake,canadian hip hop,canadian pop,hip hop,pop rap,rap
What Would Pluto Do,Drake,canadian hip hop,canadian pop,hip hop,pop rap,rap
Bahamas Promises,Drake,canadian hip hop,canadian pop,hip hop,pop rap,rap
Tried Our Best,Drake,canadian hip hop,canadian pop,hip hop,pop rap,rap
Members Only,Drake Featuring PARTYNEXTDOOR,canadian hip hop,canadian pop,hip hop,pop rap,rap
All The Parties,Drake Featuring Chief Keef,canadian hip hop,canadian pop,hip hop,pop rap,rap
Drew A Picasso,Drake,canadian hip hop,canadian pop,hip hop,pop rap,rap
Another Late Night,Drake Featuring Lil Yachty,canadian hip hop,canadian pop,hip hop,pop rap,rap
Away From Home,Drake,canadian hip hop,canadian pop,hip hop,pop rap,rap
BBL Love Interlude,Drake,canadian hip hop,canadian pop,hip hop,pop rap,rap
Polar Opposites,Drake,canadian hip hop,canadian pop,hip hop,pop rap,rap
Screw The World Interlude,Drake,canadian hip hop,canadian pop,hip hop,pop rap,rap
Wild Ones,Jessie Murph & Jelly Roll,modern country pop,singer-songwriter pop
She Calls Me Back,Noah Kahan With Kacey Musgraves,pov: indie,singer-songwriter pop
Y Lloro,Junior H,corrido,corridos tumbados,musica mexicana,sad sierreno,sierreno
Monaco,Bad Bunny,reggaeton,trap latino,urbano latino
Fina,Bad Bunny & Young Miko,reggaeton,trap latino,urbano latino
Perro Negro,Bad Bunny & Feid,reggaeton,trap latino,urbano latino
Nadie Sabe,Bad Bunny,reggaeton,trap latino,urbano latino
Hibiki,Bad Bunny & Mora,reggaeton,trap latino,urbano latino
Mr. October,Bad Bunny,reggaeton,trap latino,urbano latino
Cybertruck,Bad Bunny,reggaeton,trap latino,urbano latino
Telefono Nuevo,Bad Bunny & Luar La L,reggaeton,trap latino,urbano latino
Baby Nueva,Bad Bunny,reggaeton,trap latino,urbano latino
Seda,Bad Bunny & Bryant Myers,reggaeton,trap latino,urbano latino
Say My Grace,Offset Featuring Travis Scott,atl hip hop,hip hop,pop rap,rap,trap
Gracias Por Nada,Bad Bunny,reggaeton,trap latino,urbano latino
Vou 787,Bad Bunny,reggaeton,trap latino,urbano latino
Mercedes Carota,Bad Bunny & YOVNGCHIMI,reggaeton,trap latino,urbano latino
Los Pits,Bad Bunny,reggaeton,trap latino,urbano latino
No Me Quiero Casar,Bad Bunny,reggaeton,trap latino,urbano latino
Vuelve Candy B,Bad Bunny,reggaeton,trap latino,urbano latino
Baticano,Bad Bunny,reggaeton,trap latino,urbano latino
Thunder y Lightning,Bad Bunny & Eladio Carrion,reggaeton,trap latino,urbano latino
Acho PR,"Bad Bunny, Arcangel, De La Ghetto & Nengo Flow",reggaeton,trap latino,urbano latino
Worth It,Offset & Don Toliver,atl hip hop,hip hop,pop rap,rap,trap
Too Much,"The Kid LAROI, Jung Kook & Central Cee",australian hip hop
Burn It Down,Parker McCollum,classic texas country,contemporary country,modern country pop,texas country
One Of Your Girls,Troye Sivan,australian pop,pop,viral pop
One More Time,blink-182,alternative metal,modern rock,pop punk,punk,rock,socal pop punk
Oklahoma Smokeshow,Zach Bryan,classic oklahoma country
Is It Over Now? (Taylor's Version) [From The Vault],Taylor Swift,pop
Now That We Don't Talk (Taylor's Version) [From The Vault],Taylor Swift,pop
Slut! (Taylor's Version) [From The Vault],Taylor Swift,pop
Say Don't Go (Taylor's Version) [From The Vault],Taylor Swift,pop
Bad Blood (Taylor's Version),Taylor Swift,pop
Style (Taylor's Version),Taylor Swift,pop
Suburban Legends (Taylor's Version) [From The Vault],Taylor Swift,pop
Blank Space (Taylor's Version),Taylor Swift,pop
Welcome To New York (Taylor's Version),Taylor Swift,pop
Out Of The Woods (Taylor's Version),Taylor Swift,pop
Wildest Dreams (Taylor's Version),Taylor Swift,pop
All You Had To Do Was Stay (Taylor's Version),Taylor Swift,pop
Shake It Off (Taylor's Version),Taylor Swift,pop
New Romantics (Taylor's Version),Taylor Swift,pop
Clean (Taylor's Version),Taylor Swift,pop
I Wish You Would (Taylor's Version),Taylor Swift,pop
I Know Places (Taylor's Version),Taylor Swift,pop
Wonderland (Taylor's Version),Taylor Swift,pop
How You Get The Girl (Taylor's Version),Taylor Swift,pop
This Is Halloween,The Citizens of Halloween,
You Are In Love (Taylor's Version),Taylor Swift,pop
World On Fire,Nate Smith,contemporary country,modern country pop
Mr. Take Ya B*tch,Lil Mabu & chriseanrock,
